bnum	position	modification
b0202	20A	D
b0202	20	D
b0202	37	t6A
b0202	46	m7G
b0202	47	acp3U
b0202	54	m5U
b0202	55	Y
b0202	65	Y
b0203	17	D
b0203	34	cmo5U
b0203	46	m7G
b0203	54	m5U
b0203	55	Y
b0206	16	D
b0206	20A	D
b0206	20	D
b0206	34	Q
b0206	37	m2A
b0206	46	m7G
b0206	54	m5U
b0206	55	Y
b0206	65	Y
b0206	8	s4U
b0216	16	D
b0216	20A	D
b0216	20	D
b0216	34	Q
b0216	37	m2A
b0216	46	m7G
b0216	54	m5U
b0216	55	Y
b0216	65	Y
b0216	8	s4U
b0244	16	D
b0244	17	D
b0244	20	D
b0244	37	m6t6A
b0244	46	m7G
b0244	54	m5U
b0244	55	Y
b0536	32	s2C
b0536	34	mnm5U
b0536	37	t6A
b0536	40	Y
b0536	54	m5U
b0536	55	Y
b0664	18	Gm
b0664	20	D
b0664	32	Um
b0664	37	m2A
b0664	38	Y
b0664	54	m5U
b0664	55	Y
b0664	8	s4U
b0665	18	Gm
b0665	20	D
b0665	32	Um
b0665	37	m2A
b0665	38	Y
b0665	54	m5U
b0665	55	Y
b0665	8	s4U
b0666	16	D
b0666	17	D
b0666	18	Gm
b0666	20A	D
b0666	20	D
b0666	34	ac4C
b0666	37	t6A
b0666	39	Y
b0666	46	m7G
b0666	47	acp3U
b0666	54	m5U
b0666	55	Y
b0666	8	s4U
b0668	18	Gm
b0668	20	D
b0668	32	Um
b0668	37	m2A
b0668	38	Y
b0668	39	Y
b0668	54	m5U
b0668	55	Y
b0668	8	s4U
b0670	18	Gm
b0670	20	D
b0670	32	Um
b0670	37	m2A
b0670	38	Y
b0670	39	Y
b0670	54	m5U
b0670	55	Y
b0670	8	s4U
b0672	16	D
b0672	17	D
b0672	18	Gm
b0672	20	D
b0672	38	Y
b0672	55	Y
b0673	16	D
b0673	17	D
b0673	18	Gm
b0673	20A	D
b0673	20	D
b0673	34	ac4C
b0673	37	t6A
b0673	39	Y
b0673	46	m7G
b0673	47	acp3U
b0673	54	m5U
b0673	55	Y
b0673	8	s4U
b0743	16	D
b0743	17	D
b0743	20	D
b0743	34	mnm5s2U
b0743	37	t6A
b0743	39	Y
b0743	46	m7G
b0743	47	acp3U
b0743	54	m5U
b0743	55	Y
b0744	17	D
b0744	34	cmo5U
b0744	37	m6A
b0744	46	m7G
b0744	54	m5U
b0744	55	Y
b0744	8	s4U
b0745	16	D
b0745	17	D
b0745	20	D
b0745	34	mnm5s2U
b0745	37	t6A
b0745	39	Y
b0745	46	m7G
b0745	47	acp3U
b0745	54	m5U
b0745	55	Y
b0746	17	D
b0746	34	cmo5U
b0746	37	m6A
b0746	46	m7G
b0746	54	m5U
b0746	55	Y
b0746	8	s4U
b0747	16	D
b0747	17	D
b0747	20	D
b0747	34	mnm5s2U
b0747	37	t6A
b0747	39	Y
b0747	46	m7G
b0747	47	acp3U
b0747	54	m5U
b0747	55	Y
b0748	16	D
b0748	17	D
b0748	20	D
b0748	34	mnm5s2U
b0748	37	t6A
b0748	39	Y
b0748	46	m7G
b0748	47	acp3U
b0748	54	m5U
b0748	55	Y
b0749	16	D
b0749	17	D
b0749	20	D
b0749	34	mnm5s2U
b0749	37	t6A
b0749	39	Y
b0749	46	m7G
b0749	47	acp3U
b0749	54	m5U
b0749	55	Y
b0883	18	Gm
b0883	20A	D
b0883	40	Y
b0883	54	m5U
b0883	55	Y
b0971	18	Gm
b0971	20A	D
b0971	20	D
b0971	32	Cm
b0971	34	cmo5U
b0971	37	ms2i6A
b0971	54	m5U
b0971	55	Y
b0971	8	s4U
b1032	18	Gm
b1032	20A	D
b1032	40	Y
b1032	54	m5U
b1032	55	Y
b1230	18	Gm
b1230	34	Q
b1230	37	ms2i6A
b1230	39	Y
b1230	54	m5U
b1230	55	Y
b1230	8	s4U
b1231	18	Gm
b1231	34	Q
b1231	37	ms2i6A
b1231	39	Y
b1231	54	m5U
b1231	55	Y
b1231	8	s4U
b1665	16	D
b1665	17	D
b1665	20A	D
b1665	20	D
b1665	46	m7G
b1665	47	acp3U
b1665	54	m5U
b1665	55	Y
b1665	8	s4U
b1666	16	D
b1666	17	D
b1666	20A	D
b1666	20	D
b1666	46	m7G
b1666	47	acp3U
b1666	54	m5U
b1666	55	Y
b1666	8	s4U
b1909	16	D
b1909	18	Gm
b1909	20	D
b1909	32	Y
b1909	37	ms2i6A
b1909	39	Y
b1909	54	m5U
b1909	55	Y
b1909	8	s4U
b1910	20	D
b1910	21	D
b1910	32	Y
b1910	37	ms2i6A
b1910	39	Y
b1910	54	m5U
b1910	55	Y
b1910	8	s4U
b1911	16	D
b1911	17	D
b1911	20	D
b1911	46	m7G
b1911	54	m5U
b1911	55	Y
b1975	18	Gm
b1975	20A	D
b1975	37	ms2i6A
b1975	54	m5U
b1975	55	Y
b1977	16	D
b1977	20	D
b1977	34	Q
b1977	37	t6A
b1977	39	Y
b1977	46	m7G
b1977	54	m5U
b1977	55	Y
b1977	8	s4U
b1984	16	D
b1984	20	D
b1984	34	Q
b1984	37	t6A
b1984	39	Y
b1984	46	m7G
b1984	54	m5U
b1984	55	Y
b1984	8	s4U
b1986	16	D
b1986	20	D
b1986	34	Q
b1986	37	t6A
b1986	39	Y
b1986	46	m7G
b1986	54	m5U
b1986	55	Y
b1986	8	s4U
b1989	16	D
b1989	20	D
b1989	34	Q
b1989	37	t6A
b1989	39	Y
b1989	46	m7G
b1989	54	m5U
b1989	55	Y
b1989	8	s4U