,M_CP008896,ME_CP008896,CP008896,M_CP053697,ME_CP053697,CP053697,M_CP026386,ME_CP026386,CP026386,M_CP069317,ME_CP069317,CP069317,M_AE004091.2,ME_AE004091.2,AE004091.2,M_CP073105,ME_CP073105,CP073105,M_CP065866,ME_CP065866,CP065866,M_CP061848,ME_CP061848,CP061848,M_CP012831,ME_CP012831,CP012831,M_CP008749.1,ME_CP008749.1,CP008749.1,M_CP032419,ME_CP032419,CP032419,M_CP038001,ME_CP038001,CP038001,M_CP022560,ME_CP022560,CP022560,M_CP076683,ME_CP076683,CP076683,M_CP045416,ME_CP045416,CP045416,M_LS483372,ME_LS483372,LS483372,M_CP022562,ME_CP022562,CP022562,M_LR590473,ME_LR590473,LR590473,M_CP065865,ME_CP065865,CP065865,M_CP012830,ME_CP012830,CP012830,M_AP014655.1,ME_AP014655.1,AP014655.1,M_CP061335,ME_CP061335,CP061335,M_CP068238,ME_CP068238,CP068238,M_CP050291,ME_CP050291,CP050291,M_CP070982,ME_CP070982,CP070982,M_CP000712,ME_CP000712,CP000712,M_AP024503,ME_AP024503,AP024503,M_CP045349,ME_CP045349,CP045349,M_CP063780,ME_CP063780,CP063780,M_CP024478,ME_CP024478,CP024478,M_CP022561,ME_CP022561,CP022561,M_CP065867,ME_CP065867,CP065867,M_CP020100,ME_CP020100,CP020100,M_CP039749,ME_CP039749,CP039749,M_CP041013,ME_CP041013,CP041013,M_CP015225,ME_CP015225,CP015225,M_CP045359,ME_CP045359,CP045359,M_CP043320,ME_CP043320,CP043320,M_CP060288,ME_CP060288,CP060288,M_CP043179,ME_CP043179,CP043179
Folate biosynthesis,1.0,0.0,-1.0,1.0,0.0,-1.0,1.0,0.0,-1.0,1.0,0.0,-1.0,1.0,0.0,-1.0,1.0,0.0,-1.0,1.0,1.0,0.0,1.0,0.0,-1.0,1.0,0.0,-1.0,1.0,0.0,-1.0,1.0,0.0,-1.0,1.0,0.0,-1.0,1.0,0.0,-1.0,1.0,0.0,-1.0,1.0,0.0,-1.0,1.0,0.0,-1.0,1.0,0.0,-1.0,1.0,0.0,-1.0,1.0,0.0,-1.0,1.0,0.0,-1.0,1.0,0.0,-1.0,1.0,0.0,-1.0,1.0,0.0,-1.0,1.0,0.0,-1.0,1.0,0.0,-1.0,1.0,0.0,-1.0,1.0,0.0,-1.0,1.0,0.0,-1.0,1.0,0.0,-1.0,1.0,0.0,-1.0,1.0,0.0,-1.0,1.0,0.0,-1.0,1.0,0.0,-1.0,1.0,0.0,-1.0,1.0,-1.0,-2.0,1.0,0.0,-1.0,1.0,0.0,-1.0,1.0,0.0,-1.0,1.0,-1.0,-2.0,1.0,0.0,-1.0
Cell Envelope Biosynthesis,0.8639771032390545,0.9998494917841588,0.1358723885451043,0.9667521394594019,1.0,0.03324786054059814,0.8639771032390546,1.0,0.13602289676094537,0.8656920278558612,0.0,-0.8656920278558612,0.9623739632673557,0.0,-0.9623739632673557,0.9646267445449249,0.0,-0.9646267445449249,0.9623739632673464,0.9021560606658112,-0.060217902601535145,0.8656920278554828,1.0,0.13430797214451717,0.964626744544925,0.938762662943819,-0.02586408160110598,0.9623739632673558,-0.8411429154655883,-1.803516878732944,0.843972183866849,0.0,-0.843972183866849,0.8639771032390547,0.0,-0.8639771032390547,0.8656920278558613,0.0,-0.8656920278558613,0.9646267445449215,0.0,-0.9646267445449215,0.9646267445413478,0.0,-0.9646267445413478,0.8656920278558613,0.954394437514355,0.08870240965849374,0.8656920278558858,0.0,-0.8656920278558858,0.9623739632673558,0.358686299781694,-0.6036876634856618,0.9654561585648194,1.0,0.03454384143518063,0.9623739632673557,0.0,-0.9623739632673557,0.964626744544925,1.0,0.03537325545507497,0.8656920278558611,0.9999339258252098,0.1342418979693487,0.9623739632673557,0.0,-0.9623739632673557,0.8656920278558596,0.0,-0.8656920278558596,0.8656920278558611,1.0,0.13430797214413892,0.8639771032390545,0.0,-0.8639771032390545,0.9623739632673557,-1.0,-1.9623739632673556,0.9646267445449227,-0.5017559493421004,-1.4663826938870232,0.8656920278558613,1.0,0.1343079721441387,0.9645088955813208,-1.0,-1.9645088955813208,0.8656920278558609,0.0,-0.8656920278558609,0.9623739632673557,0.0,-0.9623739632673557,0.9597771212336331,0.8458056710618117,-0.11397145017182142,0.9623739632673297,0.0,-0.9623739632673297,0.9623739632673297,0.5220581990857207,-0.440315764181609,0.9673643353830231,0.34446758785727544,-0.6228967475257476,0.9646267445449227,1.0,0.0353732554550773,0.960449126941055,0.0,-0.960449126941055,0.964626744544925,0.007567194155324903,-0.9570595503896001,0.9623739632673539,0.999997300048531,0.03762333678117713
S_Fatty_Acid_Metabolism,-1.0,-1.0,0.0,1.0,1.0,0.0,,,,-1.0,0.0,1.0,0.0,0.0,0.0,0.0,0.0,0.0,0.0,0.9973851593601573,0.9973851593601573,-1.0,1.0,2.0,0.0,0.0,0.0,0.0,-1.0,-1.0,-1.0,0.0,1.0,-1.0,0.0,1.0,,,,1.0,0.0,-1.0,0.0,0.0,0.0,,,,,,,-1.0,3.1188157808008006e-09,1.0000000031188159,0.0,0.0,0.0,-0.09987131375770125,0.0,0.09987131375770125,0.0,0.0,0.0,,,,0.0,0.0,0.0,,,,,,,-1.0,0.0,1.0,0.0,0.0,0.0,-1.0,0.0,1.0,,,,,,,-1.0,0.0,1.0,0.0,0.0,0.0,-1.0,0.5111469911793267,1.5111469911793267,0.0,0.0,0.0,0.0,1.0,1.0,0.0,1.0,1.0,-1.0,0.0,1.0,,,,0.0,0.0,0.0,-0.031301483537099065,0.0,0.031301483537099065
Glycine and Serine Metabolism,1.0,1.0,0.0,1.0,1.0,0.0,1.0,1.0,0.0,1.0,1.0,0.0,1.0,1.0,0.0,1.0,1.0,0.0,1.0,1.0,0.0,1.0,1.0,0.0,1.0,1.0,0.0,1.0,1.0,0.0,1.0,1.0,0.0,1.0,1.0,0.0,1.0,1.0,0.0,1.0,1.0,0.0,1.0,1.0,0.0,1.0,1.0,0.0,1.0,1.0,0.0,1.0,1.0,0.0,1.0,1.0,0.0,1.0,1.0,0.0,1.0,1.0,0.0,1.0,1.0,0.0,1.0,1.0,0.0,1.0,1.0,0.0,1.0,1.0,0.0,1.0,1.0,0.0,1.0,1.0,0.0,1.0,1.0,0.0,1.0,1.0,0.0,1.0,1.0,0.0,1.0,1.0,0.0,1.0,1.0,0.0,-0.990816020146321,1.0,1.990816020146321,1.0,1.0,0.0,1.0,1.0,0.0,1.0,1.0,0.0,1.0,1.0,0.0,1.0,1.0,0.0,1.0,1.0,0.0,1.0,1.0,0.0
Riboflavin metabolism,0.0,1.0,1.0,0.0,1.0,1.0,0.0,1.0,1.0,0.0,1.0,1.0,0.0,1.0,1.0,0.0,1.0,1.0,0.0,1.0,1.0,0.0,0.0,0.0,0.0,1.0,1.0,0.0,1.0,1.0,0.0,1.0,1.0,0.0,1.0,1.0,0.0,0.0,0.0,-1.0,1.0,2.0,0.0,1.0,1.0,0.0,1.0,1.0,0.0,1.0,1.0,0.0,1.0,1.0,0.0,1.0,1.0,0.0,1.0,1.0,0.0,1.0,1.0,0.0,1.0,1.0,0.0,1.0,1.0,0.0,1.0,1.0,0.0,1.0,1.0,0.0,1.0,1.0,0.0,1.0,1.0,1.0,1.0,0.0,0.0,1.0,1.0,0.0,1.0,1.0,0.0,1.0,1.0,0.0,1.0,1.0,0.0,1.0,1.0,0.0,1.0,1.0,0.0,1.0,1.0,0.0,1.0,1.0,1.0,1.0,0.0,1.0,1.0,0.0,0.0,1.0,1.0,0.0,1.0,1.0
Nucleotide Salvage Pathway,1.0,1.0,0.0,1.0,1.0,0.0,1.0,1.0,0.0,1.0,1.0,0.0,1.0,1.0,0.0,1.0,1.0,0.0,0.9999999999999998,1.0,2.220446049250313e-16,0.9999999999985844,1.0,1.4156453786995371e-12,1.0,1.0,0.0,1.0,1.0,0.0,1.0,1.0,0.0,1.0,1.0,0.0,1.0,1.0,0.0,1.0,1.0,0.0,1.0,1.0,0.0,1.0,1.0,0.0,0.9999999999970893,1.0,2.910671703659773e-12,1.0,1.0,0.0,0.9999999999999852,1.0,1.4765966227514582e-14,1.0,1.0,0.0,1.0,1.0,0.0,1.0,1.0,0.0,1.0,1.0,0.0,0.9999999999999598,1.0,4.0190073491430667e-14,1.0,1.0,0.0,0.9999999999998248,1.0,1.751931932858497e-13,1.0,1.0,0.0,0.999999999999996,1.0,3.9968028886505635e-15,1.0,1.0,0.0,0.999999999999851,1.0,1.48991929904696e-13,0.9999999999999144,1.0,8.559819519859957e-14,1.0,1.0,0.0,0.9999999999999989,1.0,1.1102230246251565e-15,0.9999999999997815,1.0,2.184918912462308e-13,0.9999999999997815,1.0,2.184918912462308e-13,1.0,1.0,0.0,0.999999999999996,1.0,3.9968028886505635e-15,1.0,1.0,0.0,1.0,1.0,0.0,1.0,1.0,0.0
Glycerophospholipid Metabolism,1.0,0.44923431078416004,-0.5507656892158399,1.0,0.3933522506643615,-0.6066477493356385,1.0,0.0,-1.0,1.0,0.0,-1.0,1.0,0.0,-1.0,1.0,0.0,-1.0,1.0,0.9819149513494122,-0.0180850486505878,1.0,1.0,0.0,1.0,1.0,0.0,1.0,0.35022733390443384,-0.6497726660955662,1.0,0.0,-1.0,1.0,0.0,-1.0,1.0,0.0,-1.0,1.0,0.0,-1.0,0.9999999999808691,0.0,-0.9999999999808691,1.0,0.6375966421269427,-0.36240335787305733,1.0,0.0,-1.0,0.9999999999999994,-0.999999130299585,-1.9999991302995843,1.0,0.0,-1.0,0.9999999999999993,0.0,-0.9999999999999993,1.0,0.0,-1.0,1.0,0.8470711634789723,-0.15292883652102773,1.0,0.0,-1.0,1.0,0.0,-1.0,1.0,1.0,0.0,1.0,0.0,-1.0,1.0,0.0,-1.0,1.0,0.0,-1.0,1.0,0.0,-1.0,1.0,0.0,-1.0,1.0,0.0,-1.0,1.0,0.0,-1.0,1.0,-0.03371575264743549,-1.0337157526474354,0.9999999999999987,0.0,-0.9999999999999987,0.9999999999999987,0.330977342459241,-0.6690226575407576,1.0,-0.7271345714392002,-1.7271345714392004,1.0,1.0,0.0,1.0,0.0,-1.0,1.0,-0.07144357385542797,-1.071443573855428,1.0,0.0,-1.0
Cysteine Metabolism,-0.22639487700885025,1.0,1.2263948770088502,-0.22639487700820582,1.0,1.2263948770082058,-0.2263948770078338,1.0,1.226394877007834,-0.22639487700768168,1.0,1.2263948770076816,-1.0,1.0,2.0,-0.22639487700805694,1.0,1.2263948770080568,-1.0,1.0,2.0,-0.22639487700461447,1.0,1.2263948770046145,-0.22639487700797692,1.0,1.226394877007977,-1.0,1.0,2.0,-1.0,1.0,2.0,-1.0,1.0,2.0,-0.22639487700760336,1.0,1.2263948770076034,-0.2263948770082156,1.0,1.2263948770082156,-0.22639487700529215,1.0,1.2263948770052921,-1.0,1.0,2.0,-0.22639487700827382,1.0,1.2263948770082738,-1.0,1.0,2.0,-1.0,1.0,2.0,-0.9999999999999997,1.0,1.9999999999999996,-0.2263948770077761,1.0,1.2263948770077762,-0.22639487700785996,1.0,1.2263948770078599,-1.0,1.0,2.0,0.3127847999887177,1.0,0.6872152000112823,-0.22639487700819738,1.0,1.2263948770081974,-0.22639487700819827,1.0,1.2263948770081983,-0.22639487700769784,1.0,1.2263948770076978,-0.2263948770082291,1.0,1.2263948770082291,-1.0,1.0,2.0,-0.22639487700777727,1.0,1.2263948770077773,-0.2263948770082017,1.0,1.2263948770082016,-1.0,1.0,2.0,-0.22639487700776606,1.0,1.226394877007766,-1.0,1.0,2.0,-1.0,1.0,2.0,-0.22639487700763725,1.0,1.2263948770076372,-0.2263948770082291,1.0,1.2263948770082291,-0.22639487700817823,1.0,1.2263948770081783,-0.22639487700814942,1.0,1.2263948770081494,-0.22639487700820932,1.0,1.2263948770082094
S_Cofactor_and_Prosthetic_Group_Biosynthesis__FeS_clusters_metabolism,0.0,-1.0,-1.0,0.0,-1.0,-1.0,,,,,,,0.0,0.0,0.0,,,,0.0,1.0,1.0,,,,0.0,0.0,0.0,0.0,1.0,1.0,0.0,0.0,0.0,0.0,0.0,0.0,,,,,,,0.0,0.0,0.0,0.0,1.0,1.0,0.0,0.0,0.0,0.0,0.0,0.0,0.0,0.0,0.0,0.0,0.0,0.0,,,,,,,0.0,0.0,0.0,,,,,,,,,,0.0,0.0,0.0,0.0,0.0,0.0,0.0,0.0,0.0,0.0,0.0,0.0,,,,0.0,0.0,0.0,,,,0.0,0.0,0.0,0.0,0.9972630698991142,0.9972630698991142,0.0,-1.0,-1.0,0.0,0.0,0.0,0.0,0.0,0.0,,,,0.0,0.0,0.0
S_Cofactor_and_Prosthetic_Group_Biosynthesis__Biotin_Biosynthesis,,,,,,,,,,,,,,,,,,,,,,,,,,,,,,,,,,,,,,,,,,,,,,,,,,,,,,,,,,,,,,,,,,,,,,,,,,,,,,,,,,,,,,,,0.0,0.0,0.0,,,,,,,,,,,,,,,,,,,,,,,,,,,,,,
Methylglyoxal Metabolism,0.0,0.0,0.0,0.0,0.0,0.0,0.0,0.0,0.0,0.0,0.0,0.0,0.0,0.0,0.0,0.0,0.0,0.0,0.0,-1.0,-1.0,0.0,0.0,0.0,0.0,0.0,0.0,0.0,-1.0,-1.0,0.0,0.0,0.0,0.0,0.0,0.0,0.0,0.0,0.0,0.0,0.0,0.0,0.0,0.0,0.0,0.0,-1.0,-1.0,0.0,0.0,0.0,0.0,1.0,1.0,0.0,0.0,0.0,0.0,0.0,0.0,0.0,0.0,0.0,0.0,0.0,0.0,0.0,0.0,0.0,0.0,0.0,0.0,0.0,0.0,0.0,0.0,0.0,0.0,0.0,0.0,0.0,0.0,0.0,0.0,0.0,0.0,0.0,0.0,0.0,0.0,0.0,0.0,0.0,0.0,0.0,0.0,0.0,0.0,0.0,0.0,0.0,0.0,0.0,0.0,0.0,0.0,0.0,0.0,0.0,0.0,0.0,0.0,0.0,0.0,0.0,0.0,0.0,0.0,0.0,0.0
Oxidative phosphorylation,,,,,,,,,,,,,0.0,1.0,1.0,,,,0.0,1.0,1.0,,,,,,,0.0,1.0,1.0,,,,,,,,,,1.0,1.0,0.0,0.0,1.0,1.0,,,,,,,0.0,1.0,1.0,0.0,0.0,0.0,,,,1.0,1.0,0.0,,,,0.0,1.0,1.0,,,,,,,,,,,,,,,,,,,,,,,,,0.0,0.0,0.0,,,,0.0,1.0,1.0,0.0,1.0,1.0,,,,,,,,,,,,,,,
S_Alternate_Carbon__Propanoate_Metabolism,,,,,,,0.0,0.0,0.0,,,,0.0,0.0,0.0,,,,0.0,0.0,0.0,0.0,0.0,0.0,,,,0.0,0.0,0.0,,,,,,,0.0,0.0,0.0,,,,,,,,,,0.0,0.0,0.0,0.0,0.0,0.0,0.0,0.0,0.0,,,,,,,0.0,0.0,0.0,0.0,0.0,0.0,0.0,0.0,0.0,0.0,0.0,0.0,0.0,0.0,0.0,,,,,,,,,,0.0,0.0,0.0,0.0,0.0,0.0,0.0,0.0,0.0,0.0,0.0,0.0,0.0,0.0,0.0,0.0,0.0,0.0,,,,,,,,,,,,,,,
S_Starch_and_Sucrose_Metabolism,,,,,,,,,,,,,,,,,,,,,,,,,,,,,,,,,,,,,,,,,,,,,,,,,,,,,,,,,,,,,,,,,,,,,,,,,,,,,,,,,,,,,,,,,,,,,,,,,,,,,,,,,,,,,,,,,,,,,,,,
Glyoxylate Metabolism,0.0,-1.0,-1.0,1.0,1.0,0.0,0.0,0.0,0.0,0.0,1.0,1.0,0.0,0.0,0.0,0.0,0.0,0.0,0.0,0.0,0.0,0.0,1.0,1.0,-1.0,0.0,1.0,0.0,0.0,0.0,0.0,0.0,0.0,0.0,0.0,0.0,0.0,0.0,0.0,1.0,0.0,-1.0,0.0,1.0,1.0,0.0,0.0,0.0,0.0,0.0,0.0,0.0,0.0,0.0,0.0,0.0,0.0,0.0,0.0,0.0,1.0,0.0,-1.0,-1.0,0.0,1.0,0.0,0.0,0.0,0.0,1.0,1.0,0.0,0.0,0.0,0.0,0.0,0.0,0.0,0.0,0.0,0.0,0.0,0.0,0.0,0.0,0.0,0.0,0.0,0.0,0.0,0.0,0.0,0.0,0.0,0.0,1.0,1.0,0.0,0.0,0.0,0.0,0.0,0.0,0.0,-1.0,0.0,1.0,0.0,0.0,0.0,1.0,1.0,0.0,0.0,0.0,0.0,1.0,0.0,-1.0
Arginine and Proline Metabolism,0.5157187855485823,1.0,0.4842812144514177,0.5157187855485823,1.0,0.4842812144514177,0.5157187855485823,1.0,0.4842812144514177,0.45575923428602655,1.0,0.5442407657139734,0.5157187855485826,1.0,0.48428121445141736,0.541363630466749,1.0,0.45863636953325104,0.5157187855485824,1.0,0.4842812144514176,0.5157187855485823,1.0,0.4842812144514177,0.5157187855485824,1.0,0.4842812144514176,0.5157187855485823,1.0,0.4842812144514177,0.5157187855485823,1.0,0.4842812144514177,0.5157187855485823,1.0,0.4842812144514177,0.5157187855485824,1.0,0.4842812144514176,0.5413636304667488,1.0,0.45863636953325115,0.5527321554364669,1.0,0.4472678445635331,0.5249053672144607,1.0,0.4750946327855393,0.5157187855485824,1.0,0.4842812144514176,0.5249053672144689,1.0,0.4750946327855311,0.515718785548967,1.0,0.484281214451033,0.5157187855485823,1.0,0.4842812144514177,0.5413636304667488,1.0,0.45863636953325115,0.5249053672144608,1.0,0.4750946327855392,0.5157187855485823,1.0,0.4842812144514177,0.5157187855485824,1.0,0.4842812144514176,0.5157187855485824,1.0,0.4842812144514176,0.5157187855485823,1.0,0.4842812144514177,0.5157187855485823,1.0,0.4842812144514177,0.5157187855482629,1.0,0.4842812144517371,0.5413636304667488,1.0,0.45863636953325115,0.5413636304667488,1.0,0.45863636953325115,0.5157187855485824,1.0,0.4842812144514176,0.5157187855485824,1.0,0.4842812144514176,0.5923197449023723,1.0,0.40768025509762773,0.5157187855485824,1.0,0.4842812144514176,0.5157187855485824,1.0,0.4842812144514176,0.5157187855485824,1.0,0.4842812144514176,0.5157187855482629,1.0,0.4842812144517371,0.5823118694301564,1.0,0.41768813056984355,0.5157187855485824,1.0,0.4842812144514176,0.5157187855485825,1.0,0.4842812144514175
"Valine, Leucine, and Isoleucine Metabolism",0.28971878817529567,1.0,0.7102812118247044,0.2531182819141243,1.0,0.7468817180858758,0.28971878817529906,1.0,0.7102812118247009,0.28971878817529956,1.0,0.7102812118247004,0.25311828191412444,1.0,0.7468817180858756,0.25311828191412516,1.0,0.7468817180858749,0.2531182819141244,1.0,0.7468817180858756,0.2897187881752978,1.0,0.7102812118247022,0.289718788175299,1.0,0.710281211824701,0.2531182819141248,1.0,0.7468817180858752,0.2531182819141262,1.0,0.7468817180858738,0.28971878817529795,1.0,0.710281211824702,0.28971878817529967,1.0,0.7102812118247004,0.2531182819141393,1.0,0.7468817180858607,0.2531182819141238,1.0,0.7468817180858762,0.28971878817529784,1.0,0.7102812118247022,0.2897187881752932,1.0,0.7102812118247068,0.2531182819141243,1.0,0.7468817180858758,0.25311828191412467,1.0,0.7468817180858753,0.2897187881752976,1.0,0.7102812118247024,0.25311828191412655,1.0,0.7468817180858734,0.28971878817529884,1.0,0.7102812118247012,0.2531182819141247,1.0,0.7468817180858753,0.28971878817529767,1.0,0.7102812118247024,0.2897187881752977,1.0,0.7102812118247023,0.28971878817529767,1.0,0.7102812118247024,0.28971878817529945,1.0,0.7102812118247006,0.25311828191412444,1.0,0.7468817180858756,0.28971878817529834,1.0,0.7102812118247017,0.28971878817529917,1.0,0.7102812118247008,0.28971878817529784,1.0,0.7102812118247022,0.2531182819141243,1.0,0.7468817180858758,0.25311828191412655,1.0,0.7468817180858734,0.25311828191412455,1.0,0.7468817180858754,0.25311828191412455,1.0,0.7468817180858754,0.2897187881752997,1.0,0.7102812118247003,0.25311828191412444,1.0,0.7468817180858756,0.2531182819141245,1.0,0.7468817180858756,0.2531182819141246,1.0,0.7468817180858753,0.28971878817529784,1.0,0.7102812118247022
Butanoate metabolism,0.0,0.0,0.0,0.0,0.0,0.0,0.0,0.0,0.0,0.0,0.0,0.0,0.0,0.0,0.0,0.0,0.0,0.0,0.0,0.0,0.0,0.0,0.0,0.0,0.0,1.0,1.0,0.0,0.0,0.0,0.0,0.0,0.0,0.0,0.0,0.0,0.0,0.0,0.0,1.0,0.0,-1.0,0.0,0.0,0.0,0.0,-1.0,-1.0,1.0,0.0,-1.0,0.0,0.0,0.0,0.0,0.0,0.0,0.0,0.0,0.0,0.0,0.0,0.0,0.0,1.0,1.0,0.0,0.0,0.0,0.0,0.0,0.0,0.0,0.0,0.0,-1.0,0.0,1.0,0.0,0.0,0.0,0.0,0.0,0.0,0.0,0.0,0.0,0.0,0.0,0.0,0.0,0.0,0.0,0.0,0.0,0.0,0.0,-1.0,-1.0,0.0,0.0,0.0,0.0,0.0,0.0,0.0,0.0,0.0,0.0,-1.0,-1.0,,,,0.0,-1.0,-1.0,1.0,0.0,-1.0
Membrane Lipid Metabolism,0.6492334951991378,0.9999934428202928,0.35075994762115503,0.8789523717234685,0.9999996020210056,0.12104723029753706,0.6492334951991378,0.0,-0.6492334951991378,0.6492334951991378,0.0,-0.6492334951991378,1.0,0.0,-1.0,0.8789523717234691,0.0,-0.8789523717234691,1.0,0.9999999999999998,-2.220446049250313e-16,0.649233495197256,1.0,0.35076650480274396,0.9396615856308714,0.045379892274661604,-0.8942816933562099,1.0,0.9999999999999986,-1.4432899320127035e-15,0.6492334951991379,0.0,-0.6492334951991379,0.6492334951991378,0.0,-0.6492334951991378,0.6492334951991379,0.0,-0.6492334951991379,0.9355770640606088,0.0,-0.9355770640606088,0.9355770640563128,0.0,-0.9355770640563128,0.7142987104006011,0.999999997317114,0.28570128691651286,0.6492334951991727,0.0,-0.6492334951991727,0.9999999999999998,0.12260799071685416,-0.8773920092831456,1.0,0.0,-1.0,1.0,0.0,-1.0,0.935577064060703,1.0,0.06442293593929704,0.649233495199138,0.9999999444170642,0.3507664492179262,1.0,0.0,-1.0,0.64923349519915,0.0,-0.64923349519915,0.6492334951991379,1.0,0.35076650480086213,0.6492334951991381,0.0,-0.6492334951991381,1.0,1.0,0.0,0.939661585630817,0.0,-0.939661585630817,0.7142987104006012,-0.5000000000000001,-1.2142987104006013,0.8926114404258745,0.0,-0.8926114404258745,0.649233495199137,0.0,-0.649233495199137,1.0,0.0,-1.0,0.9999999999999583,0.9355169683569052,-0.06448303164305302,1.0,0.0,-1.0,1.0,0.9999999999999997,-3.3306690738754696e-16,0.878952371723469,0.9999967619302159,0.12104439020674695,0.939661585630817,0.0,-0.939661585630817,1.0,0.0,-1.0,0.9396615856308715,-1.0,-1.9396615856308714,0.9999999999999996,-1.0,-1.9999999999999996
One carbon pool by folate,1.0,1.0,0.0,0.0,1.0,1.0,1.0,1.0,0.0,1.0,1.0,0.0,1.0,1.0,0.0,0.0,1.0,1.0,0.0,1.0,1.0,1.0,1.0,0.0,0.0,1.0,1.0,0.0,1.0,1.0,1.0,1.0,0.0,0.0,1.0,1.0,1.0,1.0,0.0,0.0,1.0,1.0,0.0,1.0,1.0,1.0,1.0,0.0,1.0,1.0,0.0,1.0,1.0,0.0,0.0,1.0,1.0,1.0,1.0,0.0,1.0,1.0,0.0,1.0,1.0,0.0,0.0,1.0,1.0,0.0,1.0,1.0,1.0,1.0,0.0,1.0,1.0,0.0,0.0,1.0,1.0,0.0,1.0,1.0,1.0,1.0,0.0,1.0,1.0,0.0,1.0,1.0,0.0,0.0,1.0,1.0,0.0,1.0,1.0,0.0,1.0,1.0,0.0,1.0,1.0,1.0,1.0,0.0,0.0,1.0,1.0,,,,0.0,1.0,1.0,0.0,1.0,1.0
Benzoate degradation,0.0,-1.0,-1.0,,,,0.0,0.0,0.0,0.0,0.0,0.0,0.0,1.0,1.0,0.0,0.0,0.0,0.0,0.9999999999999859,0.9999999999999859,0.0,0.0,0.0,0.0,0.0,0.0,0.0,0.9999999999999907,0.9999999999999907,0.0,0.0,0.0,0.0,1.0,1.0,0.0,0.0,0.0,1.0,0.0,-1.0,1.0,1.0,0.0,0.0,0.9999991747051009,0.9999991747051009,1.0,0.0,-1.0,1.0,1.0,0.0,0.0,1.0,1.0,0.0,0.0,0.0,0.0,0.0,0.0,0.0,0.0,0.0,0.0,1.0,1.0,0.0,1.0,1.0,0.0,1.0,1.0,0.0,0.0,0.0,0.0,1.0,1.0,1.0,1.0,0.0,0.0,1.0,1.0,0.0,0.0,0.0,0.0,0.0,0.0,0.0,0.0,0.0,1.0,1.0,0.0,0.985538834171119,1.0,0.014461165828881017,0.985538834171119,0.9999999999999852,0.014461165828866251,0.0,0.0,0.0,1.0,1.0,0.0,1.0,1.0,0.0,0.0,0.0,0.0,1.0,1.0,0.0
Murein Recycling,0.0,-0.018258233796437644,-0.018258233796437644,0.0,1.0,1.0,0.0,0.0,0.0,0.0,0.0,0.0,0.0,0.0,0.0,0.0,0.0,0.0,0.0,0.42857142857142866,0.42857142857142866,-1.0,0.0,1.0,0.0,0.0,0.0,0.0,-1.0,-1.0,0.0,0.0,0.0,0.0,0.0,0.0,0.0,0.0,0.0,0.0,0.0,0.0,0.0,0.0,0.0,0.0,0.0,0.0,1.0,0.0,-1.0,0.0,0.0,0.0,0.0,0.0,0.0,1.0,0.0,-1.0,0.0,0.0,0.0,0.0,0.9718633636820383,0.9718633636820383,0.0,0.0,0.0,0.0,0.0,0.0,0.0,0.0,0.0,0.0,0.0,0.0,0.0,0.0,0.0,0.0,0.0,0.0,0.0,0.0,0.0,0.0,0.0,0.0,0.0,0.0,0.0,0.0,0.0,0.0,0.0,1.0,1.0,0.0,0.0,0.0,0.0,1.0,1.0,0.0,-1.0,-1.0,0.0,0.0,0.0,0.0,0.0,0.0,0.0,0.0,0.0,0.0,0.0,0.0
S_Alternate_Carbon_and_Nitrogen_source__Amines_and_Polyamines_Metabolism,,,,,,,,,,,,,,,,,,,,,,,,,,,,,,,,,,,,,,,,,,,,,,,,,,,,,,,,,,,,,,,,,,,,,,,,,,,,,,,,,,,,,,,,,,,,,,,,,,,,,,,,,,,,,,,,,,,,,,,,
"Transport, Inner Membrane",-0.7239576638241424,1.0,1.7239576638241423,1.0,1.0,0.0,-0.7283134277069413,1.0,1.7283134277069414,-0.7283887832108789,1.0,1.7283887832108789,-0.5470190889527942,1.0,1.5470190889527942,1.0,1.0,0.0,-0.5470190889561267,1.0,1.5470190889561266,-0.728313427706977,1.0,1.728313427706977,1.0,1.0,0.0,-0.5470190889527927,1.0,1.5470190889527928,1.0,1.0,0.0,-0.5438845898903519,1.0,1.543884589890352,-0.7283134277069401,1.0,1.72831342770694,1.0,1.0,0.0,0.9999999999999425,1.0,5.750955267558311e-14,1.0,1.0,0.0,-0.7283134277071298,1.0,1.7283134277071297,-0.5470190889527493,1.0,1.5470190889527493,-0.5470190889529667,1.0,1.5470190889529667,1.0,1.0,0.0,1.0,1.0,0.0,-0.6868445633252457,1.0,1.6868445633252458,-0.5470190889527937,1.0,1.5470190889527937,-0.6048422646861524,1.0,1.6048422646861524,-0.7283134277069423,1.0,1.7283134277069423,-0.7283134277069403,1.0,1.7283134277069403,-0.6855796666314498,1.0,1.6855796666314498,-0.4605379398732727,1.0,1.4605379398732727,-0.5438845898903469,1.0,1.543884589890347,1.0,1.0,0.0,-0.7283134277069385,1.0,1.7283134277069385,-0.5470190889541043,1.0,1.5470190889541042,-1.0,1.0,2.0,-0.5470190889528533,1.0,1.5470190889528532,-0.5470190889528533,1.0,1.5470190889528532,-0.7232982392716324,1.0,1.7232982392716325,-0.4605379398732727,1.0,1.4605379398732727,-1.0,0.0,1.0,1.0,1.0,0.0,-0.5434813594236024,1.0,1.5434813594236023
Histidine Metabolism,1.0,1.0,0.0,1.0,1.0,0.0,1.0,1.0,0.0,1.0,1.0,0.0,1.0,1.0,0.0,1.0,1.0,0.0,1.0,1.0,0.0,1.0,1.0,0.0,1.0,1.0,0.0,1.0,1.0,0.0,1.0,1.0,0.0,1.0,1.0,0.0,1.0,1.0,0.0,1.0,1.0,0.0,1.0,1.0,0.0,1.0,1.0,0.0,1.0,1.0,0.0,1.0,1.0,0.0,1.0,1.0,0.0,1.0,1.0,0.0,1.0,1.0,0.0,1.0,1.0,0.0,1.0,1.0,0.0,1.0,1.0,0.0,1.0,1.0,0.0,1.0,1.0,0.0,1.0,1.0,0.0,1.0,1.0,0.0,1.0,1.0,0.0,1.0,1.0,0.0,1.0,1.0,0.0,1.0,1.0,0.0,1.0,1.0,0.0,1.0,1.0,0.0,1.0,1.0,0.0,1.0,1.0,0.0,1.0,1.0,0.0,1.0,1.0,0.0,1.0,1.0,0.0,1.0,1.0,0.0
Purine and Pyrimidine Biosynthesis,0.6326305001737674,1.0,0.36736949982623257,0.6108925154034663,1.0,0.38910748459653366,0.6326305001737706,1.0,0.36736949982622935,0.6326305001751513,1.0,0.3673694998248487,0.6327133121916564,1.0,0.3672866878083436,0.610892515403441,1.0,0.389107484596559,0.6327133121707058,1.0,0.3672866878292942,0.6326305001756108,1.0,0.36736949982438916,0.6326305001744775,1.0,0.36736949982552247,0.6327133121917102,1.0,0.36728668780828977,0.6108925154034339,1.0,0.3891074845965661,0.6326305001738527,1.0,0.3673694998261473,0.6326305001738649,1.0,0.3673694998261351,0.6108925154035029,1.0,0.38910748459649713,0.5159040636684253,1.0,0.48409593633157466,0.6326305001739493,1.0,0.3673694998260507,0.6326305001763729,1.0,0.3673694998236271,0.6327133121916827,1.0,0.3672866878083173,0.6327133121918137,1.0,0.3672866878081863,0.6327133121917362,1.0,0.3672866878082638,0.6108925154036221,1.0,0.3891074845963779,0.6326305001739907,1.0,0.3673694998260093,0.6327133121916629,1.0,0.36728668780833706,0.6326305001739482,1.0,0.3673694998260518,0.6326305001739094,1.0,0.3673694998260906,0.6326305001738767,1.0,0.3673694998261233,0.6326305001738557,1.0,0.3673694998261443,0.5869448884239041,1.0,0.41305511157609587,0.6326305001741018,1.0,0.36736949982589817,0.6327133121914363,1.0,0.36728668780856366,0.6326305001739595,1.0,0.3673694998260405,0.6327133121916776,1.0,0.3672866878083224,0.6326305001740927,1.0,0.3673694998259073,0.632713312190963,1.0,0.36728668780903695,0.632713312190963,1.0,0.36728668780903695,0.6327133121925771,1.0,0.3672866878074229,0.5869448884239041,1.0,0.41305511157609587,0.6108925154034084,1.0,0.3891074845965916,0.6108092085367904,1.0,0.38919079146320956,0.6327133121917298,1.0,0.36728668780827023
Glycolysis,,,,,,,,,,,,,,,,,,,,,,,,,,,,,,,,,,,,,,,,,,,,,,,,,,,,,,,,,,,,,,,,,,,,,,,,,,,,,,,,,,,,,,,,0.0,0.0,0.0,,,,,,,,,,,,,,,,,,,,,,,,,,,,,,
4 hydroxyphenylacetate catabolism,,,,0.0,1.0,1.0,,,,0.0,0.0,0.0,,,,,,,,,,,,,,,,,,,,,,,,,0.0,0.0,0.0,0.0,0.0,0.0,0.0,0.0,0.0,0.0,0.0,0.0,0.0,0.0,0.0,,,,,,,,,,0.0,0.0,0.0,,,,,,,0.0,0.0,0.0,,,,,,,,,,,,,,,,0.0,0.0,0.0,0.0,0.0,0.0,,,,,,,,,,,,,,,,,,,1.0,0.0,-1.0,,,,,,
Ubiquinone biosynthesis,-1.0,-1.0,0.0,0.0,1.0,1.0,0.0,0.0,0.0,0.0,0.0,0.0,-1.0,0.0,1.0,1.0,0.0,-1.0,-0.033953627048700585,-1.0,-0.9660463729512994,0.0,0.0,0.0,0.0,0.0,0.0,0.0,-1.0,-1.0,0.0,0.0,0.0,0.0,0.0,0.0,0.0,0.0,0.0,0.0,0.0,0.0,0.0,0.0,0.0,-1.0,-0.1569085973332862,0.8430914026667138,0.0,0.0,0.0,0.0,0.0,0.0,-1.0,0.0,1.0,-1.0,0.0,1.0,0.0,0.0,0.0,0.0,1.0,1.0,-1.0,0.0,1.0,0.0,0.0,0.0,0.0,0.0,0.0,0.0,0.0,0.0,0.0,0.0,0.0,0.0,0.0,0.0,-1.0,0.0,1.0,0.0,0.0,0.0,0.0,0.0,0.0,-1.0,0.0,1.0,1.0,1.0,0.0,-1.0,0.0,1.0,-1.0,-1.0,0.0,0.0,0.0,0.0,0.0,0.0,0.0,1.0,0.0,-1.0,0.0,0.0,0.0,0.0,0.0,0.0
Methionine Metabolism,1.0,1.0,0.0,1.0,1.0,0.0,1.0,1.0,0.0,1.0,1.0,0.0,1.0,1.0,0.0,1.0,1.0,0.0,1.0,1.0,0.0,1.0,1.0,0.0,1.0,1.0,0.0,1.0,1.0,0.0,1.0,1.0,0.0,1.0,1.0,0.0,1.0,1.0,0.0,1.0,1.0,0.0,1.0,1.0,0.0,1.0,1.0,0.0,1.0,1.0,0.0,1.0,1.0,0.0,1.0,1.0,0.0,1.0,1.0,0.0,1.0,1.0,0.0,1.0,1.0,0.0,1.0,1.0,0.0,1.0,1.0,0.0,1.0,1.0,0.0,1.0,1.0,0.0,1.0,1.0,0.0,1.0,1.0,0.0,1.0,1.0,0.0,1.0,1.0,0.0,1.0,1.0,0.0,1.0,1.0,0.0,1.0,1.0,0.0,1.0,1.0,0.0,1.0,1.0,0.0,1.0,1.0,0.0,1.0,1.0,0.0,1.0,1.0,0.0,1.0,1.0,0.0,1.0,1.0,0.0
S_Heavy_Metal_Tolerance,,,,,,,,,,,,,,,,,,,,,,,,,,,,,,,,,,,,,,,,,,,,,,,,,,,,,,,,,,,,,,,,,,,,,,,,,,,,,,,,,,,,,,,,0.0,0.0,0.0,,,,,,,,,,,,,,,,,,,,,,,,,,,,,,
Propanoate metabolism,0.0,0.0,0.0,0.0,0.0,0.0,0.0,0.0,0.0,0.0,1.0,1.0,0.0,0.0,0.0,,,,1.0,0.0,-1.0,0.0,0.0,0.0,0.0,0.0,0.0,0.0,0.0,0.0,0.0,0.0,0.0,0.0,0.0,0.0,0.0,0.0,0.0,,,,,,,0.0,0.0,0.0,0.0,0.0,0.0,0.0,0.0,0.0,1.0,0.0,-1.0,0.0,0.0,0.0,,,,0.0,0.0,0.0,0.0,0.0,0.0,0.0,1.0,1.0,0.0,0.0,0.0,0.0,0.0,0.0,0.0,0.0,0.0,0.0,0.0,0.0,0.0,0.0,0.0,0.0,0.0,0.0,0.0,0.0,0.0,0.0,0.0,0.0,,,,1.0,0.0,-1.0,1.0,0.0,-1.0,0.0,0.0,0.0,0.0,0.0,0.0,,,,0.0,0.0,0.0,0.0,0.0,0.0
S_Cofactor_and_Prosthetic_Group_Biosynthesis__Folate_Biosynthesis,1.0,0.0,-1.0,1.0,1.0,0.0,1.0,0.0,-1.0,1.0,0.0,-1.0,1.0,0.0,-1.0,1.0,0.0,-1.0,1.0,1.0,0.0,1.0,0.0,-1.0,1.0,0.0,-1.0,1.0,0.0,-1.0,1.0,0.0,-1.0,1.0,0.0,-1.0,1.0,0.0,-1.0,1.0,0.0,-1.0,1.0,0.0,-1.0,1.0,1.0,0.0,1.0,0.0,-1.0,1.0,0.0,-1.0,1.0,0.0,-1.0,1.0,0.0,-1.0,1.0,0.0,-1.0,1.0,0.0,-1.0,1.0,0.0,-1.0,1.0,0.0,-1.0,1.0,0.0,-1.0,1.0,0.0,-1.0,1.0,0.0,-1.0,1.0,0.0,-1.0,1.0,0.0,-1.0,1.0,0.0,-1.0,1.0,0.0,-1.0,1.0,0.0,-1.0,1.0,0.0,-1.0,1.0,0.0,-1.0,1.0,1.0,0.0,1.0,0.0,-1.0,1.0,0.0,-1.0,1.0,0.0,-1.0,1.0,-1.0,-2.0,1.0,0.0,-1.0
S_Transport__Inner_Membrane,1.0,1.0,0.0,0.0,0.0,0.0,1.0,1.0,0.0,1.0,1.0,0.0,1.0,1.0,0.0,0.0,0.0,0.0,1.0,1.0,0.0,1.0,1.0,0.0,0.0,0.0,0.0,1.0,1.0,0.0,1.0,1.0,0.0,1.0,1.0,0.0,1.0,1.0,0.0,,,,,,,1.0,1.0,0.0,1.0,1.0,0.0,1.0,1.0,0.0,1.0,1.0,0.0,1.0,1.0,0.0,,,,1.0,1.0,0.0,1.0,1.0,0.0,1.0,1.0,0.0,1.0,1.0,0.0,1.0,1.0,0.0,1.0,1.0,0.0,0.0,0.0,0.0,1.0,1.0,0.0,1.0,1.0,0.0,1.0,1.0,0.0,1.0,1.0,0.0,,,,1.0,1.0,0.0,1.0,1.0,0.0,1.0,1.0,0.0,0.0,0.0,0.0,,,,0.0,0.0,0.0,1.0,1.0,0.0
Porphyrin and chlorophyll metabolism,0.0,1.0,1.0,0.0,0.0,0.0,0.0,0.0,0.0,0.0,0.0,0.0,0.0,0.0,0.0,,,,0.0,0.0,0.0,0.0,0.0,0.0,0.0,0.0,0.0,0.0,0.0,0.0,,,,0.0,0.0,0.0,0.0,0.0,0.0,0.0,0.0,0.0,,,,0.0,1.0,1.0,0.0,0.0,0.0,0.0,-1.0,-1.0,0.0,0.0,0.0,0.0,0.0,0.0,,,,0.0,0.0,0.0,0.0,0.0,0.0,0.0,0.0,0.0,0.0,0.0,0.0,0.0,0.0,0.0,0.0,0.0,0.0,0.0,0.0,0.0,0.0,0.0,0.0,0.0,0.0,0.0,0.0,0.0,0.0,0.0,0.0,0.0,,,,0.0,0.0,0.0,0.0,0.0,0.0,0.0,0.0,0.0,0.0,0.0,0.0,,,,0.0,0.0,0.0,0.0,0.0,0.0
S_Glycolysis,0.0,1.0,1.0,0.0,0.0,0.0,0.0,0.0,0.0,0.0,0.0,0.0,0.0,0.0,0.0,0.0,0.0,0.0,0.0,0.0,0.0,0.0,0.0,0.0,0.0,1.0,1.0,0.0,0.0,0.0,0.0,0.0,0.0,0.0,0.0,0.0,0.0,0.0,0.0,0.0,0.0,0.0,0.0,0.0,0.0,0.0,0.0,0.0,0.0,0.0,0.0,0.0,0.0,0.0,0.0,0.0,0.0,0.0,0.0,0.0,0.0,0.0,0.0,0.0,1.0,1.0,0.0,0.0,0.0,0.0,0.0,0.0,0.0,0.0,0.0,0.0,0.0,0.0,0.0,0.0,0.0,0.0,0.0,0.0,0.0,0.0,0.0,0.0,0.0,0.0,0.0,0.0,0.0,0.0,0.0,0.0,0.0,0.0,0.0,0.0,0.0,0.0,0.0,0.0,0.0,0.0,-1.0,-1.0,0.0,0.0,0.0,0.0,0.0,0.0,0.0,0.0,0.0,0.0,0.0,0.0
S_Arginine_and_Proline_Metabolism,0.0,0.0,0.0,0.0,0.0,0.0,-1.0,1.0,2.0,-1.0,1.0,2.0,-1.0,1.0,2.0,0.0,0.0,0.0,-1.0,1.0,2.0,-1.0,1.0,2.0,-1.0,1.0,2.0,-1.0,1.0,2.0,-1.0,1.0,2.0,0.0,0.0,0.0,-1.0,1.0,2.0,,,,,,,0.0,0.0,0.0,-1.0,1.0,2.0,-1.0,1.0,2.0,-1.0,1.0,2.0,-1.0,1.0,2.0,,,,-1.0,1.0,2.0,0.0,0.0,0.0,-1.0,1.0,2.0,-1.0,1.0,2.0,-1.0,1.0,2.0,-1.0,1.0,2.0,0.0,0.0,0.0,0.0,0.0,0.0,-1.0,1.0,2.0,-1.0,1.0,2.0,-1.0,1.0,2.0,,,,-1.0,1.0,2.0,-1.0,1.0,2.0,-1.0,1.0,2.0,0.0,0.0,0.0,,,,,,,-1.0,1.0,2.0
Biosynthesis of siderophore group nonribosomal peptides,0.0,0.0,0.0,,,,0.0,0.0,0.0,0.0,0.0,0.0,0.0,0.0,0.0,0.0,0.0,0.0,0.0,0.0,0.0,0.0,0.0,0.0,0.0,0.0,0.0,0.0,0.0,0.0,0.0,0.0,0.0,0.0,0.0,0.0,0.0,0.0,0.0,0.0,0.0,0.0,0.0,0.0,0.0,0.0,0.0,0.0,1.0,1.0,0.0,0.0,0.0,0.0,0.0,0.0,0.0,,,,0.0,0.0,0.0,,,,0.0,0.0,0.0,0.0,0.0,0.0,0.0,0.0,0.0,0.0,0.0,0.0,0.0,0.0,0.0,0.0,0.0,0.0,0.0,0.0,0.0,,,,0.0,0.0,0.0,0.0,0.0,0.0,,,,0.0,0.0,0.0,0.0,0.0,0.0,0.0,0.0,0.0,0.0,0.0,0.0,,,,0.0,0.0,0.0,0.0,0.0,0.0
Urea cycle and metabolism of amino groups,0.0,1.0,1.0,0.0,0.0,0.0,,,,,,,0.0,0.0,0.0,0.0,0.0,0.0,0.0,0.0,0.0,,,,0.0,0.0,0.0,0.0,-1.0,-1.0,0.0,0.0,0.0,0.0,0.0,0.0,,,,0.0,0.0,0.0,0.0,0.0,0.0,0.0,0.0,0.0,,,,0.0,0.0,0.0,0.0,0.0,0.0,0.0,0.0,0.0,0.0,0.0,0.0,,,,0.0,0.0,0.0,,,,,,,,,,0.0,0.0,0.0,0.0,0.0,0.0,0.0,0.0,0.0,,,,,,,0.0,0.0,0.0,,,,-1.0,0.0,1.0,-1.0,0.0,1.0,,,,0.0,0.0,0.0,,,,0.0,0.0,0.0,0.0,0.0,0.0
S_Cofactor_and_Prosthetic_Group_Biosynthesis__Queuosine_biosynthesis,,,,,,,,,,,,,,,,,,,,,,,,,,,,,,,,,,,,,,,,,,,,,,,,,,,,,,,,,,,,,,,,,,,,,,,,,,,,,,,,,,,,,,,,0.0,0.0,0.0,,,,,,,,,,,,,,,,,,,,,,,,,,,,,,
Tyrosine metabolism,0.0,0.0,0.0,,,,0.0,0.0,0.0,0.0,0.0,0.0,0.0,0.0,0.0,0.0,0.0,0.0,0.0,-1.0,-1.0,0.0,0.0,0.0,0.0,0.0,0.0,0.0,-1.0,-1.0,,,,0.0,0.0,0.0,0.0,0.0,0.0,0.0,0.0,0.0,,,,0.0,0.0,0.0,0.0,0.0,0.0,0.0,0.0,0.0,0.0,0.0,0.0,0.0,0.0,0.0,0.0,0.0,0.0,0.0,0.0,0.0,0.0,0.0,0.0,0.0,0.0,0.0,0.0,0.0,0.0,0.0,0.0,0.0,0.0,0.0,0.0,,,,0.0,0.0,0.0,0.0,0.0,0.0,0.0,0.0,0.0,0.0,0.0,0.0,,,,0.0,0.0,0.0,0.0,-1.0,-1.0,0.0,0.0,0.0,,,,,,,,,,0.0,0.0,0.0
S_Alginate_biosynthesis,,,,,,,,,,,,,,,,,,,,,,,,,,,,,,,,,,,,,,,,,,,,,,,,,,,,,,,,,,,,,,,,,,,,,,,,,,,,,,,,,,,,,,,,,,,,,,,,,,,,,,,,,,,,,,,,,,,,,,,,
Cofactor and Prosthetic Group Metabolism,,,,,,,,,,,,,0.0,0.0,0.0,,,,0.0,0.0,0.0,,,,,,,0.0,0.0,0.0,,,,,,,,,,,,,,,,,,,,,,0.0,0.0,0.0,0.0,0.0,0.0,,,,,,,,,,0.0,0.0,0.0,,,,,,,,,,,,,,,,,,,,,,,,,0.0,0.0,0.0,,,,0.0,0.0,0.0,0.0,0.0,0.0,,,,,,,,,,,,,,,
"Transport, Outer Membrane",0.0,1.0,1.0,0.0,0.0,0.0,0.0,0.0,0.0,0.0,0.0,0.0,0.0,0.0,0.0,0.0,0.0,0.0,0.0,0.0,0.0,0.0,-1.0,-1.0,0.0,0.0,0.0,0.0,0.0,0.0,0.0,0.0,0.0,0.0,0.0,0.0,0.0,0.0,0.0,0.0,0.0,0.0,0.0,0.0,0.0,0.0,0.0,0.0,0.0,0.0,0.0,0.0,0.0,0.0,0.0,0.0,0.0,0.0,0.0,0.0,0.0,0.0,0.0,0.0,0.0,0.0,0.0,0.0,0.0,0.0,0.0,0.0,0.0,-1.0,-1.0,0.0,0.0,0.0,0.0,-1.0,-1.0,0.0,-1.0,-1.0,0.0,0.0,0.0,0.0,1.0,1.0,0.0,0.0,0.0,0.0,0.0,0.0,1.0,0.0,-1.0,0.0,0.0,0.0,0.0,1.0,1.0,0.0,1.0,1.0,0.0,0.0,0.0,1.0,1.0,0.0,0.0,0.9994385456203569,0.9994385456203569,0.0,-1.0,-1.0
Nitrite Metabolism,0.0,0.0,0.0,1.0,1.0,0.0,0.0,0.0,0.0,0.0,0.0,0.0,0.0,0.0,0.0,0.0,1.0,1.0,0.0,0.0,0.0,0.0,0.0,0.0,0.0,0.0,0.0,0.0,0.0,0.0,0.0,0.0,0.0,0.0,0.0,0.0,0.0,0.0,0.0,0.0,0.0,0.0,0.0,0.0,0.0,0.0,0.0,0.0,0.0,0.0,0.0,0.0,0.0,0.0,0.0,0.0,0.0,0.0,0.0,0.0,1.0,1.0,0.0,0.0,0.0,0.0,0.0,0.0,0.0,0.0,1.0,1.0,0.0,0.0,0.0,0.0,0.0,0.0,0.0,0.0,0.0,1.0,-1.0,-2.0,0.0,0.0,0.0,1.0,1.0,0.0,0.0,0.0,0.0,0.0,0.0,0.0,1.0,-1.0,-2.0,0.0,0.0,0.0,0.0,0.0,0.0,0.0,0.0,0.0,1.0,-1.0,-2.0,0.0,1.0,1.0,0.0,0.0,0.0,0.0,0.0,0.0
Citrate cycle (TCA cycle),0.0,0.0,0.0,0.0,0.0,0.0,0.0,0.0,0.0,0.0,0.0,0.0,0.0,0.0,0.0,,,,0.0,0.0,0.0,0.0,0.0,0.0,0.0,0.0,0.0,0.0,0.0,0.0,1.0,1.0,0.0,,,,0.0,0.0,0.0,1.0,1.0,0.0,,,,0.0,1.0,1.0,0.0,0.0,0.0,0.0,0.0,0.0,0.0,0.0,0.0,0.0,0.0,0.0,1.0,1.0,0.0,0.0,0.0,0.0,0.0,0.0,0.0,0.0,0.0,0.0,0.0,0.0,0.0,0.0,0.0,0.0,0.0,0.0,0.0,,,,0.0,0.0,0.0,0.0,0.0,0.0,0.0,0.0,0.0,1.0,1.0,0.0,1.0,1.0,0.0,0.0,0.0,0.0,0.0,0.0,0.0,0.0,0.0,0.0,,,,1.0,1.0,0.0,,,,0.0,0.0,0.0
Lipopolysaccharide Biosynthesis / Recycling,1.0,1.0,0.0,1.0,1.0,0.0,1.0,1.0,0.0,1.0,1.0,0.0,1.0,1.0,0.0,1.0,1.0,0.0,1.0,1.0,0.0,1.0,1.0,0.0,1.0,1.0,0.0,1.0,1.0,0.0,1.0,1.0,0.0,1.0,1.0,0.0,1.0,1.0,0.0,1.0,0.0,-1.0,1.0,1.0,0.0,1.0,1.0,0.0,1.0,1.0,0.0,1.0,1.0,0.0,1.0,1.0,0.0,1.0,1.0,0.0,1.0,1.0,0.0,1.0,1.0,0.0,1.0,1.0,0.0,1.0,1.0,0.0,1.0,1.0,0.0,1.0,1.0,0.0,1.0,1.0,0.0,1.0,1.0,0.0,1.0,1.0,0.0,1.0,1.0,0.0,1.0,1.0,0.0,1.0,1.0,0.0,1.0,1.0,0.0,1.0,1.0,0.0,1.0,1.0,0.0,1.0,1.0,0.0,1.0,1.0,0.0,1.0,1.0,0.0,1.0,1.0,0.0,1.0,1.0,0.0
Oxidative Phosphorylation,1.0,1.0,0.0,1.0,1.0,0.0,1.0,1.0,0.0,1.0,1.0,0.0,1.0,1.0,0.0,1.0,1.0,0.0,1.0,1.0,0.0,1.0,1.0,0.0,1.0,1.0,0.0,1.0,1.0,0.0,1.0,1.0,0.0,1.0,1.0,0.0,1.0,1.0,0.0,1.0,1.0,0.0,0.9999999999999996,1.0,4.440892098500626e-16,1.0,1.0,0.0,1.0,1.0,0.0,1.0,1.0,0.0,1.0,1.0,0.0,1.0,1.0,0.0,1.0,1.0,0.0,1.0,1.0,0.0,1.0,1.0,0.0,1.0,1.0,0.0,1.0,1.0,0.0,1.0,1.0,0.0,1.0,1.0,0.0,1.0,1.0,0.0,1.0,1.0,0.0,1.0,1.0,0.0,1.0,1.0,0.0,1.0,1.0,0.0,0.9999999999999998,1.0,2.220446049250313e-16,1.0,1.0,0.0,1.0,1.0,0.0,1.0,1.0,0.0,1.0,1.0,0.0,1.0,1.0,0.0,1.0,1.0,0.0,1.0,1.0,0.0
S_Glycerophospholipid_Metabolism,,,,,,,,,,,,,0.0,0.0,0.0,,,,0.0,0.0,0.0,,,,,,,0.0,0.0,0.0,,,,,,,0.0,0.0,0.0,,,,,,,,,,,,,0.0,0.0,0.0,0.0,0.0,0.0,,,,,,,,,,0.0,0.0,0.0,,,,,,,,,,0.0,0.0,0.0,,,,,,,0.0,0.0,0.0,,,,0.0,0.0,0.0,,,,0.0,0.0,0.0,0.0,0.0,0.0,0.0,0.0,0.0,,,,,,,0.0,1.0,1.0,0.0,0.0,0.0
"Glycine, serine and threonine metabolism",,,,,,,,,,,,,,,,,,,,,,,,,,,,,,,,,,,,,,,,,,,,,,,,,,,,,,,,,,,,,,,,,,,,,,,,,,,,,,,,,,,,,,,,,,,,,,,,,,,,,,,,,,,,,,,,,,,,,,,,
S_Cofactor_and_Prosthetic_Group_Biosynthesis__Ubiquinone_biosynthesis,,,,,,,,,,,,,,,,,,,,,,,,,,,,,,,,,,,,,,,,,,,,,,,,,,,,,,,,,,,,,,,,,,,,,,,,,,,,,,,,,,,,,,,,0.0,0.0,0.0,,,,,,,,,,,,,,,,,,,,,,,,,,,,,,
Cysteine and methionine metabolism,0.0,1.0,1.0,0.0,1.0,1.0,0.0,0.0,0.0,0.0,0.0,0.0,0.0,1.0,1.0,0.0,0.0,0.0,0.0,1.0,1.0,0.0,0.0,0.0,0.0,-0.9999996601717618,-0.9999996601717618,0.0,1.0,1.0,0.0,1.0,1.0,0.0,1.0,1.0,0.0,0.0,0.0,0.0,0.0,0.0,0.0,0.0,0.0,0.0,1.0,1.0,0.0,0.0,0.0,0.0,1.0,1.0,0.0,1.0,1.0,0.0,1.0,1.0,0.0,0.0,0.0,0.0,1.0,1.0,0.0,1.0,1.0,0.0,0.0,0.0,0.0,1.0,1.0,0.0,0.0,0.0,0.0,1.0,1.0,0.0,0.0,0.0,0.0,1.0,1.0,1.0,1.0,0.0,0.0,0.0,0.0,0.0,1.0,1.0,0.0,0.0,0.0,0.0,1.0,1.0,0.0,1.0,1.0,0.0,0.0,0.0,0.0,0.0,0.0,-1.0,0.0,1.0,0.0,0.0,0.0,0.0,-0.9999985247061666,-0.9999985247061666
Glutamate Metabolism,1.0,1.0,0.0,1.0,1.0,0.0,1.0,1.0,0.0,1.0,1.0,0.0,1.0,1.0,0.0,1.0,1.0,0.0,1.0,1.0,0.0,1.0,1.0,0.0,1.0,1.0,0.0,1.0,1.0,0.0,1.0,1.0,0.0,1.0,1.0,0.0,1.0,1.0,0.0,1.0,1.0,0.0,1.0,1.0,0.0,1.0,1.0,0.0,1.0,1.0,0.0,1.0,1.0,0.0,1.0,1.0,0.0,1.0,1.0,0.0,1.0,1.0,0.0,1.0,1.0,0.0,1.0,1.0,0.0,1.0,1.0,0.0,1.0,1.0,0.0,1.0,1.0,0.0,1.0,1.0,0.0,1.0,1.0,0.0,1.0,1.0,0.0,1.0,1.0,0.0,1.0,1.0,0.0,1.0,1.0,0.0,1.0,1.0,0.0,1.0,1.0,0.0,1.0,1.0,0.0,1.0,1.0,0.0,1.0,1.0,0.0,1.0,1.0,0.0,1.0,1.0,0.0,1.0,1.0,0.0
Citric Acid Cycle,1.0,1.0,0.0,1.0,1.0,0.0,1.0,1.0,0.0,0.9951938305889428,1.0,0.0048061694110571596,1.0,1.0,0.0,1.0,1.0,0.0,1.0,1.0,0.0,1.0,1.0,0.0,1.0,1.0,0.0,1.0,1.0,0.0,1.0,1.0,0.0,1.0,1.0,0.0,1.0,1.0,0.0,1.0,1.0,0.0,1.0,1.0,0.0,1.0,1.0,0.0,1.0,1.0,0.0,1.0,1.0,0.0,1.0,1.0,0.0,1.0,1.0,0.0,1.0,1.0,0.0,1.0,1.0,0.0,1.0,1.0,0.0,1.0,1.0,0.0,1.0,1.0,0.0,1.0,1.0,0.0,1.0,1.0,0.0,1.0,1.0,0.0,1.0,1.0,0.0,1.0,1.0,0.0,1.0,1.0,0.0,1.0,1.0,0.0,1.0,1.0,0.0,1.0,1.0,0.0,1.0,1.0,0.0,1.0,1.0,0.0,1.0,1.0,0.0,1.0,1.0,0.0,1.0,1.0,0.0,1.0,1.0,0.0
Vitamin B6 metabolism,1.0,1.0,0.0,1.0,1.0,0.0,1.0,1.0,0.0,1.0,1.0,0.0,1.0,1.0,0.0,1.0,1.0,0.0,1.0,1.0,0.0,1.0,1.0,0.0,1.0,1.0,0.0,1.0,1.0,0.0,1.0,1.0,0.0,1.0,1.0,0.0,1.0,1.0,0.0,1.0,1.0,0.0,1.0,1.0,0.0,1.0,1.0,0.0,1.0,1.0,0.0,1.0,1.0,0.0,1.0,1.0,0.0,1.0,1.0,0.0,1.0,1.0,0.0,1.0,1.0,0.0,1.0,1.0,0.0,1.0,1.0,0.0,1.0,1.0,0.0,1.0,1.0,0.0,1.0,1.0,0.0,1.0,1.0,0.0,1.0,1.0,0.0,1.0,1.0,0.0,1.0,1.0,0.0,1.0,1.0,0.0,1.0,1.0,0.0,1.0,1.0,0.0,1.0,1.0,0.0,1.0,1.0,0.0,1.0,1.0,0.0,1.0,1.0,0.0,1.0,1.0,0.0,1.0,1.0,0.0
Aminophosphonate metabolism,,,,1.0,0.9999999999999613,-3.8746783559417963e-14,,,,,,,,,,,,,,,,,,,,,,,,,,,,,,,,,,,,,,,,,,,,,,,,,,,,,,,,,,,,,,,,,,,,,,,,,,,,1.0,1.0,0.0,,,,0.0,0.0,0.0,,,,,,,1.0,1.0,0.0,,,,,,,,,,1.0,1.0,0.0,,,,,,,,,
S_Alternate_Carbon_and_Nitrogen_source__Nucleotide_Metabolism,,,,1.0,1.0,0.0,,,,,,,,,,,,,,,,,,,,,,,,,1.0,1.0,0.0,,,,,,,,,,1.0,1.0,0.0,,,,,,,,,,,,,,,,,,,,,,,,,,,,,,,,,,,,,1.0,1.0,0.0,,,,0.0,0.0,0.0,,,,,,,1.0,1.0,0.0,,,,,,,,,,1.0,1.0,0.0,,,,1.0,1.0,0.0,,,
S_PHAs_Metabolism,,,,,,,,,,,,,,,,,,,,,,,,,,,,,,,,,,,,,,,,,,,,,,,,,,,,,,,,,,,,,,,,,,,,,,,,,,,,,,,,,,,,,,,,-1.0,0.0,1.0,,,,,,,,,,,,,,,,,,,,,,,,,,,,,,
NAD Metabolism,0.0,-1.0,-1.0,0.0,0.0,0.0,0.0,0.0,0.0,0.0,0.0,0.0,1.0,0.0,-1.0,0.0,0.0,0.0,0.0,0.0,0.0,1.0,0.0,-1.0,0.0,0.0,0.0,1.0,0.0,-1.0,0.0,0.0,0.0,0.0,0.0,0.0,0.0,0.0,0.0,1.0,0.0,-1.0,0.0,0.0,0.0,0.0,0.0,0.0,1.0,0.0,-1.0,1.0,0.0,-1.0,-1.0,0.0,1.0,0.0,0.0,0.0,1.0,0.0,-1.0,0.0,0.0,0.0,1.0,0.0,-1.0,-1.0,0.0,1.0,1.0,0.0,-1.0,-1.0,0.0,1.0,0.0,0.0,0.0,0.0,0.0,0.0,0.0,0.0,0.0,-1.0,1.0,2.0,-1.0,0.0,1.0,0.0,0.0,0.0,0.0,0.0,0.0,1.0,0.0,-1.0,1.0,0.0,-1.0,-1.0,1.0,2.0,0.0,0.0,0.0,0.0,0.0,0.0,0.0,0.0,0.0,1.0,0.0,-1.0
Aminoacyl-tRNA biosynthesis,0.0,1.0,1.0,0.0,-1.0,-1.0,0.0,0.0,0.0,0.0,0.0,0.0,0.0,0.0,0.0,0.0,0.0,0.0,0.0,-1.0,-1.0,0.0,-1.0,-1.0,0.0,-1.0,-1.0,0.0,-1.0,-1.0,0.0,0.0,0.0,0.0,0.0,0.0,0.0,0.0,0.0,0.0,1.0,1.0,0.0,0.0,0.0,0.0,-0.12929206042225255,-0.12929206042225255,0.0,0.0,0.0,0.0,1.0,1.0,0.0,0.17444661360452388,0.17444661360452388,0.0,0.0,0.0,0.0,-1.0,-1.0,0.0,1.0,1.0,0.0,0.0,0.0,0.0,0.0,0.0,0.0,-0.13467520774874434,-0.13467520774874434,0.0,0.0,0.0,0.0,-1.0,-1.0,0.0,-1.0,-1.0,0.0,0.0,0.0,0.0,-1.0,-1.0,0.0,0.0,0.0,0.0,0.0,0.0,0.0,0.0,0.0,0.0,0.0,0.0,0.0,1.0,1.0,0.0,0.9999999094365242,0.9999999094365242,0.0,-1.0,-1.0,0.0,0.0,0.0,0.0,-0.9999693028507145,-0.9999693028507145,0.0,-1.0,-1.0
Vitamins &amp,1.0,1.0,0.0,1.0,1.0,0.0,1.0,1.0,0.0,1.0,1.0,0.0,1.0,1.0,0.0,1.0,1.0,0.0,1.0,1.0,0.0,1.0,1.0,0.0,1.0,1.0,0.0,1.0,1.0,0.0,1.0,1.0,0.0,1.0,1.0,0.0,1.0,1.0,0.0,1.0,1.0,0.0,1.0,1.0,0.0,1.0,1.0,0.0,1.0,1.0,0.0,1.0,1.0,0.0,1.0,1.0,0.0,1.0,1.0,0.0,1.0,1.0,0.0,1.0,1.0,0.0,1.0,1.0,0.0,1.0,1.0,0.0,1.0,1.0,0.0,1.0,1.0,0.0,1.0,1.0,0.0,1.0,1.0,0.0,1.0,1.0,0.0,1.0,1.0,0.0,1.0,1.0,0.0,1.0,1.0,0.0,1.0,1.0,0.0,1.0,1.0,0.0,1.0,1.0,0.0,1.0,1.0,0.0,1.0,1.0,0.0,1.0,1.0,0.0,1.0,1.0,0.0,1.0,1.0,0.0
Inorganic Ion Transport and Metabolism,1.0,1.0,0.0,1.0,1.0,0.0,1.0,1.0,0.0,1.0,1.0,0.0,1.0,1.0,0.0,1.0,1.0,0.0,1.0,1.0,0.0,1.0,1.0,0.0,1.0,1.0,0.0,1.0,1.0,0.0,1.0,1.0,0.0,1.0,1.0,0.0,1.0,1.0,0.0,1.0,1.0,0.0,1.0,1.0,0.0,0.9999999999999932,1.0,6.772360450213455e-15,1.0,1.0,0.0,1.0,1.0,0.0,1.0,1.0,0.0,1.0,1.0,0.0,1.0,1.0,0.0,1.0,1.0,0.0,1.0,1.0,0.0,1.0,1.0,0.0,1.0,1.0,0.0,1.0,1.0,0.0,1.0,1.0,0.0,0.9999999999999964,1.0,3.552713678800501e-15,1.0,1.0,0.0,1.0,1.0,0.0,1.0,1.0,0.0,1.0,1.0,0.0,1.0,1.0,0.0,1.0,1.0,0.0,1.0,1.0,0.0,1.0,1.0,0.0,0.9999999999999964,1.0,3.552713678800501e-15,1.0,1.0,0.0,1.0,1.0,0.0,1.0,1.0,0.0
none,0.9994568223866054,1.0,0.0005431776133946187,0.9994322255606853,1.0,0.0005677744393146611,0.9996188800267729,1.0,0.00038111997322709534,0.9996204827252904,1.0,0.0003795172747096398,1.0,1.0,0.0,0.9977031516016469,1.0,0.0022968483983530907,0.9959865471975823,1.0,0.004013452802417716,0.9996191635852729,1.0,0.0003808364147270815,0.9995736466323007,1.0,0.00042635336769925036,1.0,1.0,0.0,0.9999996188545223,1.0,3.811454777347123e-07,0.6260446827476125,1.0,0.3739553172523875,0.9996188025612256,1.0,0.0003811974387744055,0.47971195703020053,1.0,0.5202880429697995,0.5342851119174252,1.0,0.4657148880825748,0.6260446827476115,1.0,0.3739553172523885,1.0,1.0,0.0,0.99597797023236,1.0,0.00402202976763999,0.9959865713091974,1.0,0.004013428690802567,0.9993955326303098,1.0,0.0006044673696902203,0.9995125879569312,1.0,0.00048741204306879116,0.9995935976076269,1.0,0.0004064023923731064,1.0,1.0,0.0,0.7156555923614024,1.0,0.2843444076385976,1.0,1.0,0.0,0.9996188025612256,1.0,0.0003811974387744055,0.9993531540698835,1.0,0.0006468459301165463,0.9950815762469627,1.0,0.004918423753037304,0.5742056862864054,1.0,0.42579431371359455,0.9996023789443202,1.0,0.00039762105567975325,0.9996191635852726,1.0,0.0003808364147274146,0.9959779460173288,1.0,0.004022053982671192,0.9997450174629487,1.0,0.0002549825370512515,0.9999999999999989,1.0,1.1102230246251565e-15,0.9999999999999989,1.0,1.1102230246251565e-15,1.0,1.0,0.0,0.9950815762469627,1.0,0.004918423753037304,0.8042764990107967,1.0,0.19572350098920333,1.0,1.0,0.0,0.5772975370630523,1.0,0.4227024629369477
Sulfur metabolism,1.0,1.0,0.0,1.0,1.0,0.0,1.0,1.0,0.0,1.0,1.0,0.0,1.0,1.0,0.0,1.0,1.0,0.0,1.0,1.0,0.0,1.0,1.0,0.0,0.9999999999999999,1.0,1.1102230246251565e-16,1.0,1.0,0.0,1.0,1.0,0.0,1.0,1.0,0.0,1.0,1.0,0.0,1.0,1.0,0.0,1.0,1.0,0.0,1.0,1.0,0.0,1.0,1.0,0.0,1.0,1.0,0.0,1.0,1.0,0.0,1.0,1.0,0.0,1.0,1.0,0.0,1.0,1.0,0.0,1.0,1.0,0.0,1.0,1.0,0.0,1.0,1.0,0.0,1.0,1.0,0.0,1.0,1.0,0.0,1.0,1.0,0.0,1.0,1.0,0.0,1.0,1.0,0.0,1.0,1.0,0.0,1.0,1.0,0.0,1.0,1.0,0.0,1.0,1.0,0.0,1.0,1.0,0.0,1.0,1.0,0.0,1.0,1.0,0.0,1.0,1.0,0.0,1.0,1.0,0.0,1.0,1.0,0.0
S_Formaldehyde_Metabolism,,,,,,,0.0,0.0,0.0,0.0,0.0,0.0,0.0,0.0,0.0,0.0,0.0,0.0,0.0,0.0,0.0,0.0,0.0,0.0,0.0,0.0,0.0,0.0,0.0,0.0,,,,0.0,0.0,0.0,0.0,0.0,0.0,,,,0.0,0.0,0.0,0.0,0.0,0.0,0.0,0.0,0.0,0.0,0.0,0.0,0.0,0.0,0.0,0.0,0.0,0.0,,,,0.0,0.0,0.0,0.0,0.0,0.0,0.0,0.0,0.0,0.0,0.0,0.0,0.0,0.0,0.0,0.0,1.0,1.0,0.0,0.0,0.0,0.0,0.0,0.0,0.0,0.0,0.0,0.0,0.0,0.0,0.0,0.0,0.0,,,,0.0,0.0,0.0,0.0,0.0,0.0,0.0,0.0,0.0,0.0,0.0,0.0,,,,0.0,1.0,1.0,0.0,0.0,0.0
S_Methionine_Metabolism,,,,,,,,,,,,,,,,,,,,,,,,,,,,,,,,,,,,,,,,,,,,,,,,,,,,,,,,,,,,,,,,,,,,,,,,,,,,,,,,,,,,,,,,1.0,1.0,0.0,,,,,,,,,,,,,,,,,,,,,,,,,,,,,,
Histidine metabolism,0.0,0.3042328563012276,0.3042328563012276,0.0,0.0,0.0,0.0,0.0,0.0,0.0,0.0,0.0,0.0,0.0,0.0,0.0,0.0,0.0,0.0,0.0,0.0,0.0,0.0,0.0,0.0,0.0,0.0,0.0,0.0,0.0,0.0,0.0,0.0,0.0,0.0,0.0,0.0,0.0,0.0,,,,,,,0.0,0.0,0.0,0.0,0.0,0.0,0.0,0.0,0.0,0.0,0.0,0.0,0.0,0.0,0.0,,,,0.0,0.0,0.0,0.0,0.0,0.0,0.0,0.0,0.0,0.0,0.0,0.0,0.0,0.0,0.0,0.0,0.0,0.0,0.0,0.0,0.0,1.0,0.0,-1.0,0.0,0.0,0.0,0.0,0.0,0.0,0.0,0.0,0.0,0.0,0.0,0.0,0.0,0.0,0.0,0.0,0.0,0.0,0.0,0.0,0.0,0.0,0.0,0.0,,,,0.0,0.0,0.0,0.0,0.0,0.0
Murein Biosynthesis,0.0,-0.19108305530656086,-0.19108305530656086,0.0,0.9999999911499788,0.9999999911499788,0.0,0.0,0.0,0.0,0.0,0.0,0.0,0.0,0.0,0.0,0.0,0.0,0.0,0.19999999999999998,0.19999999999999998,0.0,0.0,0.0,0.0,0.0,0.0,0.0,0.0,0.0,0.0,0.0,0.0,0.0,0.0,0.0,0.0,0.0,0.0,0.0,0.0,0.0,0.0,0.0,0.0,0.0,0.0,0.0,0.0,0.0,0.0,0.0,0.0,0.0,0.0,0.0,0.0,0.0,0.0,0.0,0.0,0.0,0.0,0.0,0.9999999963934694,0.9999999963934694,0.0,0.0,0.0,0.0,0.0,0.0,0.0,0.0,0.0,0.0,0.0,0.0,0.0,0.0,0.0,0.0,0.0,0.0,0.0,0.0,0.0,1.0,0.0,-1.0,0.0,0.0,0.0,0.0,0.0,0.0,0.0,1.0,1.0,0.0,0.0,0.0,0.0,0.0,0.0,0.0,1.0,1.0,0.0,0.0,0.0,0.0,0.0,0.0,0.0,0.0,0.0,0.0,0.0,0.0
Nitrogen Metabolism,1.0,1.0,0.0,1.0,1.0,0.0,1.0,1.0,0.0,1.0,1.0,0.0,1.0,1.0,0.0,1.0,1.0,0.0,1.0,1.0,0.0,1.0,1.0,0.0,1.0,1.0,0.0,1.0,1.0,0.0,1.0,1.0,0.0,1.0,1.0,0.0,1.0,1.0,0.0,1.0,1.0,0.0,1.0,1.0,0.0,1.0,1.0,0.0,1.0,1.0,0.0,1.0,1.0,0.0,1.0,1.0,0.0,1.0,1.0,0.0,1.0,1.0,0.0,1.0,1.0,0.0,1.0,1.0,0.0,1.0,1.0,0.0,1.0,1.0,0.0,1.0,1.0,0.0,1.0,1.0,0.0,1.0,1.0,0.0,1.0,1.0,0.0,1.0,1.0,0.0,1.0,1.0,0.0,1.0,1.0,0.0,,,,0.9999999999995283,1.0,4.71733763163229e-13,0.9999999999995283,1.0,4.71733763163229e-13,1.0,1.0,0.0,1.0,1.0,0.0,,,,1.0,1.0,0.0,1.0,1.0,0.0
Phosphonate and phosphinate metabolism,0.0,0.0,0.0,,,,0.0,0.0,0.0,0.0,0.0,0.0,0.0,0.0,0.0,,,,0.0,0.0,0.0,0.0,0.0,0.0,,,,0.0,0.0,0.0,0.0,0.0,0.0,0.0,0.0,0.0,0.0,0.0,0.0,,,,,,,0.0,0.0,0.0,0.0,0.0,0.0,0.0,0.0,0.0,0.0,0.0,0.0,0.0,0.0,0.0,,,,0.0,0.0,0.0,0.0,0.0,0.0,0.0,0.0,0.0,0.0,0.0,0.0,0.0,0.0,0.0,0.0,0.0,0.0,,,,0.0,0.0,0.0,0.0,0.0,0.0,0.0,0.0,0.0,0.0,0.0,0.0,,,,0.0,0.0,0.0,0.0,0.0,0.0,,,,,,,,,,,,,0.0,0.0,0.0
S_Valine__Leucine__and_Isoleucine_Metabolism,0.0,0.0,0.0,0.0,0.0,0.0,0.0,0.0,0.0,0.0,0.0,0.0,0.0,0.0,0.0,,,,0.0,0.0,0.0,0.0,0.0,0.0,0.0,0.0,0.0,0.0,0.0,0.0,0.0,0.0,0.0,0.0,0.0,0.0,0.0,0.0,0.0,,,,,,,0.0,1.0,1.0,0.0,0.0,0.0,0.0,0.0,0.0,0.0,0.0,0.0,0.0,0.0,0.0,,,,0.0,0.0,0.0,0.0,0.0,0.0,0.0,0.0,0.0,0.0,0.0,0.0,0.0,0.0,0.0,0.0,0.0,0.0,0.0,0.0,0.0,0.0,0.0,0.0,0.0,0.0,0.0,0.0,0.0,0.0,0.0,0.0,0.0,,,,0.0,0.0,0.0,0.0,0.0,0.0,0.0,-1.0,-1.0,0.0,0.0,0.0,,,,0.0,0.0,0.0,0.0,0.0,0.0
S_Aromatic_Compounds_Degradation__B_Ketoadipate_pathway,0.0,0.0,0.0,,,,0.0,0.0,0.0,,,,0.0,0.0,0.0,0.0,0.0,0.0,0.0,1.0,1.0,0.0,0.0,0.0,0.0,0.0,0.0,0.0,1.0,1.0,0.0,0.0,0.0,0.0,0.0,0.0,0.0,0.0,0.0,0.0,0.0,0.0,0.0,0.0,0.0,0.0,1.0,1.0,0.0,0.0,0.0,0.0,0.0,0.0,0.0,0.0,0.0,0.0,0.0,0.0,0.0,0.0,0.0,0.0,0.0,0.0,0.0,0.0,0.0,0.0,0.0,0.0,0.0,0.0,0.0,-1.0,0.0,1.0,0.0,0.0,0.0,,,,0.0,0.0,0.0,0.0,0.0,0.0,0.0,0.0,0.0,1.0,0.0,-1.0,,,,0.0,0.0,0.0,0.0,1.0,1.0,0.0,1.0,1.0,,,,,,,0.0,0.0,0.0,0.0,0.0,0.0
Lysine degradation,,,,0.0,0.0,0.0,,,,,,,0.0,0.0,0.0,,,,0.0,0.0,0.0,,,,,,,0.0,0.0,0.0,0.0,0.0,0.0,,,,,,,,,,,,,,,,,,,0.0,0.0,0.0,0.0,0.0,0.0,,,,,,,,,,0.0,0.0,0.0,,,,,,,,,,,,,-1.0,0.0,1.0,,,,0.0,0.0,0.0,,,,0.0,0.0,0.0,0.0,0.0,0.0,0.0,0.0,0.0,0.0,0.0,0.0,,,,-1.0,0.0,1.0,0.0,0.0,0.0,0.0,0.0,0.0,,,
S_Aromatic_Compounds_Degradation__Homogentisate_pathway,,,,,,,,,,,,,,,,,,,,,,,,,,,,,,,,,,,,,,,,,,,,,,,,,,,,,,,,,,,,,,,,,,,,,,,,,,,,,,,,,,,,,,,,,,,,,,,,,,,,,,,,,,,,,,,,,,,,,,,,
tRNA Charging,0.0,1.0,1.0,0.0,-1.0,-1.0,0.0,0.0,0.0,0.0,0.0,0.0,0.0,0.0,0.0,0.0,0.0,0.0,0.0,0.0,0.0,0.0,0.0,0.0,0.0,0.0,0.0,0.0,-1.0,-1.0,0.0,1.0,1.0,0.0,0.0,0.0,0.0,0.0,0.0,0.0,0.0,0.0,0.0,0.0,0.0,0.0,1.0,1.0,0.0,0.0,0.0,0.0,-1.0,-1.0,0.0,1.0,1.0,0.0,0.0,0.0,0.0,0.0,0.0,0.0,0.0,0.0,0.0,0.0,0.0,0.0,0.0,0.0,0.0,0.0,0.0,0.0,0.0,0.0,0.0,0.0,0.0,0.0,0.0,0.0,0.0,0.0,0.0,0.0,0.0,0.0,0.0,0.0,0.0,0.0,1.0,1.0,0.0,0.0,0.0,0.0,0.0,0.0,0.0,-1.0,-1.0,0.0,0.0,0.0,0.0,0.0,0.0,0.0,0.0,0.0,0.0,0.0,0.0,0.0,0.0,0.0
Pentose Phosphate Pathway,0.9825056146964792,1.0,0.017494385303520765,0.9625634166692049,1.0,0.03743658333079514,0.9835903386865632,1.0,0.016409661313436796,0.9836463556462001,1.0,0.016353644353799934,0.930511153407339,1.0,0.06948884659266097,0.9727764246644511,1.0,0.027223575335548866,0.930511153412523,1.0,0.069488846587477,0.9835903386865018,1.0,0.01640966131349819,0.9873084878297946,1.0,0.012691512170205366,0.9305111534073305,1.0,0.06948884659266952,0.9673558858641236,1.0,0.03264411413587642,0.9770191603575268,1.0,0.022980839642473216,0.9835903386865597,1.0,0.01640966131344035,0.995851517614341,1.0,0.004148482385659014,0.997225766320286,1.0,0.0027742336797139666,0.9770191603575212,1.0,0.022980839642478768,0.9835903386866226,1.0,0.0164096613133774,0.9305111534073836,1.0,0.06948884659261645,0.9305111534074281,1.0,0.06948884659257193,0.9825621076016905,1.0,0.017437892398309507,0.9958443404643963,1.0,0.004155659535603706,0.9879528146617834,1.0,0.012047185338216582,0.9305111534073381,1.0,0.06948884659266186,0.977916159762535,1.0,0.022083840237465013,0.9835903386865599,1.0,0.016409661313440127,0.9835903386865598,1.0,0.016409661313440238,0.9809154253524803,1.0,0.01908457464751967,0.956531832009434,1.0,0.043468167990565965,0.9770191603575124,1.0,0.02298083964248765,0.9827955172408079,1.0,0.017204482759192063,0.9835903386865558,1.0,0.016409661313444235,0.9305111534059478,1.0,0.06948884659405219,0.997036117396044,1.0,0.0029638826039559696,0.9305111534072716,1.0,0.06948884659272836,0.9305111534072716,1.0,0.06948884659272836,0.9816514481191995,1.0,0.018348551880800534,0.956531832009434,1.0,0.043468167990565965,0.9590497941086344,1.0,0.040950205891365554,0.9817683422851844,1.0,0.018231657714815608,0.9756667421871679,1.0,0.024333257812832132
S_Cell_Envelope_Biosynthesis__Lipid_A_Biosynthesis,1.0,0.9999999999999832,-1.6764367671839864e-14,1.0,0.9999999999999583,-4.1744385725905886e-14,1.0,0.0,-1.0,1.0,0.0,-1.0,1.0,0.0,-1.0,1.0,0.0,-1.0,1.0,1.0,0.0,1.0,0.0,-1.0,1.0,0.0,-1.0,1.0,1.0,0.0,1.0,0.0,-1.0,1.0,0.0,-1.0,1.0,0.0,-1.0,1.0,0.0,-1.0,0.9999999999954635,0.0,-0.9999999999954635,1.0,0.9999999999999976,-2.4424906541753444e-15,1.0,0.0,-1.0,1.0,-1.0,-2.0,1.0,0.0,-1.0,0.9999999999999999,0.0,-0.9999999999999999,1.0,0.0,-1.0,1.0,1.0,0.0,1.0,0.0,-1.0,0.9999999999999996,0.0,-0.9999999999999996,1.0,0.0,-1.0,0.9999999999999994,0.0,-0.9999999999999994,1.0,0.0,-1.0,0.9999999999999986,0.0,-0.9999999999999986,1.0,0.0,-1.0,1.0,0.0,-1.0,1.0,0.0,-1.0,1.0,0.0,-1.0,1.0,0.8063311178746968,-0.1936688821253032,1.0,0.0,-1.0,1.0,1.0,0.0,1.0,1.0,0.0,0.9999999999999986,0.0,-0.9999999999999986,1.0,0.0,-1.0,1.0,-1.0,-2.0,0.9999999999999999,1.0,1.1102230246251565e-16
S_Iron_uptake_and_metabolism,0.0,1.0,1.0,,,,0.0,0.0,0.0,0.0,0.0,0.0,0.0,0.0,0.0,0.0,0.0,0.0,0.0,0.0,0.0,0.0,0.0,0.0,,,,0.0,0.0,0.0,0.0,0.0,0.0,0.0,0.0,0.0,0.0,0.0,0.0,,,,0.0,0.0,0.0,,,,0.0,0.0,0.0,0.0,0.0,0.0,0.0,0.0,0.0,0.0,0.0,0.0,,,,0.0,0.0,0.0,0.0,0.0,0.0,0.0,0.0,0.0,0.0,0.0,0.0,0.0,0.0,0.0,0.0,0.0,0.0,0.0,0.0,0.0,,,,0.0,0.0,0.0,0.0,0.0,0.0,0.0,0.0,0.0,0.0,0.0,0.0,0.0,0.0,0.0,0.0,0.0,0.0,0.0,0.0,0.0,0.0,0.0,0.0,1.0,1.0,0.0,0.0,0.0,0.0,0.0,0.0,0.0
S_Transport__ABC_system,0.0,-1.0,-1.0,1.0,1.0,0.0,0.0,0.0,0.0,0.0,0.0,0.0,0.0,0.0,0.0,0.0,0.0,0.0,0.0,0.0,0.0,0.0,0.0,0.0,1.0,1.0,0.0,0.0,0.0,0.0,1.0,1.0,0.0,1.0,1.0,0.0,0.0,0.0,0.0,0.0,0.0,0.0,0.0,0.0,0.0,1.0,1.0,0.0,0.0,0.0,0.0,0.0,0.0,0.0,0.0,0.0,0.0,1.0,1.0,0.0,0.0,0.0,0.0,0.0,1.0,1.0,0.0,0.0,0.0,0.0,0.0,0.0,0.0,0.0,0.0,0.0,0.0,0.0,1.0,1.0,0.0,0.0,0.0,0.0,1.0,1.0,0.0,1.0,1.0,0.0,0.0,0.0,0.0,0.0,0.0,0.0,,,,0.0,0.0,0.0,0.0,0.0,0.0,1.0,1.0,0.0,0.0,0.0,0.0,1.0,1.0,0.0,0.0,0.0,0.0,1.0,1.0,0.0
"Tyrosine, Tryptophan, and Phenylalanine Metabolism",0.14624046090140197,1.0,0.853759539098598,0.1462404609012626,1.0,0.8537595390987374,0.14624046090133827,1.0,0.8537595390986618,0.1462404608998526,1.0,0.8537595391001473,0.07229680451196625,1.0,0.9277031954880337,0.14624046090128465,1.0,0.8537595390987154,0.14628079543315609,1.0,0.8537192045668439,0.146240460898925,1.0,0.853759539101075,0.14624046090056703,1.0,0.853759539099433,0.14628079541613495,1.0,0.8537192045838651,0.14624046090129372,1.0,0.8537595390987063,0.14624046090124615,1.0,0.8537595390987538,0.1462404609009905,1.0,0.8537595390990095,0.14624046090122406,1.0,0.853759539098776,0.14632112612095083,1.0,0.8536788738790492,0.1360556788964618,1.0,0.8639443211035382,0.14624046089933054,1.0,0.8537595391006695,0.14628079541616743,1.0,0.8537192045838325,0.1462807954160506,1.0,0.8537192045839495,0.14624046090115578,1.0,0.8537595390988442,0.14624046090108456,1.0,0.8537595390989154,0.1360556788965012,1.0,0.8639443211034988,0.14628079541618494,1.0,0.8537192045838151,0.14624046090113801,1.0,0.8537595390988619,0.14624046090119877,1.0,0.8537595390988012,0.1462404609012299,1.0,0.8537595390987701,0.1462404609012197,1.0,0.8537595390987803,0.14624046090129303,1.0,0.8537595390987069,0.14624046090097054,1.0,0.8537595390990295,0.1462404609014497,1.0,0.8537595390985503,0.14624046090114018,1.0,0.8537595390988598,0.1462807954161719,1.0,0.8537192045838281,0.1463614530136721,1.0,0.8536385469863279,0.14628079541667985,1.0,0.8537192045833202,0.14628079541667985,1.0,0.8537192045833202,0.14624046090026543,1.0,0.8537595390997346,0.14624046090129303,1.0,0.8537595390987069,0.14636145301402892,1.0,0.8536385469859711,0.146240460901295,1.0,0.853759539098705,0.14624046090116247,1.0,0.8537595390988375
Unassigned,1.0,1.0,0.0,1.0,1.0,0.0,1.0,1.0,0.0,1.0,1.0,0.0,1.0,1.0,0.0,1.0,1.0,0.0,1.0,1.0,0.0,1.0,1.0,0.0,1.0,1.0,0.0,1.0,1.0,0.0,1.0,1.0,0.0,1.0,1.0,0.0,1.0,1.0,0.0,1.0,1.0,0.0,1.0,1.0,0.0,1.0,1.0,0.0,1.0,1.0,0.0,1.0,1.0,0.0,1.0,1.0,0.0,1.0,1.0,0.0,1.0,1.0,0.0,1.0,1.0,0.0,1.0,1.0,0.0,1.0,1.0,0.0,1.0,1.0,0.0,1.0,1.0,0.0,1.0,1.0,0.0,1.0,1.0,0.0,1.0,1.0,0.0,1.0,1.0,0.0,1.0,1.0,0.0,1.0,1.0,0.0,1.0,1.0,0.0,1.0,1.0,0.0,1.0,1.0,0.0,1.0,1.0,0.0,1.0,0.9999999999998371,-1.6286971771251046e-13,1.0,1.0,0.0,1.0,1.0,0.0,1.0,1.0,0.0
S_Aromatic_Acid_Breakdown,,,,,,,,,,,,,,,,,,,,,,,,,,,,,,,,,,,,,,,,,,,,,,,,,,,,,,,,,,,,,,,,,,,,,,,,,,,,,,,,,,,,,,,,0.0,0.0,0.0,,,,,,,,,,,,,,,,,,,,,,,,,,,,,,
Transport,0.0,0.0,0.0,0.0,0.0,0.0,1.0,0.0,-1.0,1.0,1.0,0.0,1.0,0.0,-1.0,1.0,0.0,-1.0,1.0,1.0,0.0,1.0,0.0,-1.0,1.0,0.0,-1.0,1.0,0.0,-1.0,0.0,0.0,0.0,0.0,0.0,0.0,1.0,0.0,-1.0,1.0,0.0,-1.0,1.0,1.0,0.0,0.0,0.0,0.0,1.0,0.0,-1.0,1.0,0.0,-1.0,1.0,-1.0,-2.0,1.0,0.0,-1.0,1.0,0.0,-1.0,1.0,0.0,-1.0,1.0,0.0,-1.0,1.0,1.0,0.0,1.0,0.0,-1.0,1.0,0.0,-1.0,1.0,0.0,-1.0,0.0,0.0,0.0,0.0,0.0,0.0,0.0,0.0,0.0,1.0,0.0,-1.0,1.0,0.0,-1.0,,,,1.0,0.0,-1.0,1.0,-1.0,-2.0,1.0,0.0,-1.0,0.0,0.0,0.0,0.0,0.0,0.0,1.0,-1.0,-2.0,1.0,0.0,-1.0
Quorum sensing,1.0,1.0,0.0,1.0,1.0,0.0,1.0,1.0,0.0,1.0,1.0,0.0,1.0,1.0,0.0,1.0,1.0,0.0,1.0,1.0,0.0,1.0,1.0,0.0,1.0,1.0,0.0,1.0,1.0,0.0,1.0,1.0,0.0,1.0,1.0,0.0,1.0,1.0,0.0,1.0,1.0,0.0,1.0,1.0,0.0,1.0,1.0,0.0,1.0,1.0,0.0,1.0,1.0,0.0,1.0,1.0,0.0,1.0,1.0,0.0,1.0,1.0,0.0,1.0,1.0,0.0,1.0,1.0,0.0,1.0,1.0,0.0,1.0,1.0,0.0,1.0,1.0,0.0,1.0,1.0,0.0,1.0,1.0,0.0,1.0,1.0,0.0,1.0,1.0,0.0,1.0,1.0,0.0,1.0,1.0,0.0,1.0,1.0,0.0,1.0,1.0,0.0,1.0,1.0,0.0,1.0,1.0,0.0,1.0,1.0,0.0,1.0,1.0,0.0,1.0,1.0,0.0,1.0,1.0,0.0
Folate Metabolism,1.0,1.0,0.0,1.0,1.0,0.0,1.0,1.0,0.0,1.0,1.0,0.0,1.0,1.0,0.0,1.0,1.0,0.0,1.0,1.0,0.0,1.0,1.0,0.0,1.0,1.0,0.0,1.0,1.0,0.0,1.0,1.0,0.0,1.0,1.0,0.0,1.0,1.0,0.0,1.0,1.0,0.0,1.0,1.0,0.0,1.0,1.0,0.0,1.0,1.0,0.0,1.0,1.0,0.0,1.0,1.0,0.0,1.0,1.0,0.0,1.0,1.0,0.0,1.0,1.0,0.0,1.0,1.0,0.0,1.0,1.0,0.0,1.0,1.0,0.0,1.0,1.0,0.0,1.0,1.0,0.0,1.0,1.0,0.0,1.0,1.0,0.0,1.0,1.0,0.0,1.0,1.0,0.0,1.0,1.0,0.0,1.0,1.0,0.0,1.0,1.0,0.0,1.0,1.0,0.0,1.0,1.0,0.0,1.0,1.0,0.0,1.0,1.0,0.0,1.0,1.0,0.0,1.0,1.0,0.0
Methionine metabolism,1.0,1.0,0.0,1.0,1.0,0.0,1.0,1.0,0.0,1.0,1.0,0.0,1.0,1.0,0.0,1.0,1.0,0.0,1.0,1.0,0.0,1.0,1.0,0.0,1.0,1.0,0.0,1.0,1.0,0.0,1.0,1.0,0.0,1.0,1.0,0.0,1.0,1.0,0.0,1.0,1.0,0.0,1.0,1.0,0.0,1.0,1.0,0.0,1.0,1.0,0.0,1.0,1.0,0.0,1.0,1.0,0.0,1.0,1.0,0.0,1.0,1.0,0.0,1.0,1.0,0.0,1.0,1.0,0.0,1.0,1.0,0.0,1.0,1.0,0.0,1.0,1.0,0.0,1.0,1.0,0.0,1.0,1.0,0.0,1.0,1.0,0.0,1.0,1.0,0.0,1.0,1.0,0.0,1.0,1.0,0.0,1.0,1.0,0.0,1.0,1.0,0.0,1.0,1.0,0.0,1.0,1.0,0.0,1.0,1.0,0.0,1.0,1.0,0.0,1.0,1.0,0.0,1.0,1.0,0.0
Amino Acid Metabolism,,,,,,,,,,,,,0.0,0.0,0.0,0.0,0.0,0.0,0.0,-0.45142160746555976,-0.45142160746555976,,,,,,,0.0,0.0,0.0,,,,,,,,,,0.0,0.0,0.0,,,,,,,,,,0.0,-0.6414258419689639,-0.6414258419689639,0.0,-0.44092238069501577,-0.44092238069501577,,,,0.0,0.0,0.0,,,,0.0,0.0,0.0,,,,,,,,,,,,,,,,,,,,,,,,,0.0,0.0,0.0,,,,0.0,0.0,0.0,0.0,0.0,0.0,,,,,,,,,,,,,,,
S_Lysine_Metabolism,0.0,0.0,0.0,0.0,0.0,0.0,0.0,0.0,0.0,0.0,0.0,0.0,0.0,0.0,0.0,0.0,0.0,0.0,0.0,0.0,0.0,0.0,0.0,0.0,0.0,0.0,0.0,0.0,0.0,0.0,0.0,0.0,0.0,0.0,0.0,0.0,0.0,0.0,0.0,0.0,0.0,0.0,0.0,0.0,0.0,0.0,0.0,0.0,0.0,0.0,0.0,0.0,0.0,0.0,0.0,0.0,0.0,0.0,0.0,0.0,0.0,0.0,0.0,0.0,0.0,0.0,0.0,0.0,0.0,0.0,0.0,0.0,0.0,0.0,0.0,0.0,0.0,0.0,0.0,0.0,0.0,0.0,0.0,0.0,0.0,0.0,0.0,1.0,1.0,0.0,0.0,0.0,0.0,0.0,0.0,0.0,0.0,0.0,0.0,0.0,0.0,0.0,0.0,0.0,0.0,0.0,0.0,0.0,0.0,0.0,0.0,0.0,0.0,0.0,0.0,0.0,0.0,0.0,0.0,0.0
Alternate Carbon Metabolism,0.9804574360633229,1.0,0.019542563936677082,-0.17621938874621712,1.0,1.1762193887462171,0.9832278659967905,1.0,0.016772134003209538,0.9973601927540148,1.0,0.002639807245985226,0.9211727073718827,1.0,0.07882729262811727,-0.20699750162083985,1.0,1.2069975016208399,0.9673592319093536,1.0,0.03264076809064642,0.9832278659967242,1.0,0.016772134003275818,0.7569788586180836,1.0,0.24302114138191644,0.9211727073718765,1.0,0.07882729262812349,-0.11192706459176596,1.0,1.111927064591766,0.9483779785701082,1.0,0.05162202142989181,0.9832278659967871,1.0,0.01677213400321287,-0.0907521414544223,1.0,1.0907521414544223,-0.7009148548945768,1.0,1.700914854894577,0.9045026410692258,1.0,0.09549735893077416,0.9832278659969335,1.0,0.01677213400306654,0.9673592319098261,1.0,0.03264076809017391,0.9673592319090455,1.0,0.03264076809095451,0.9943157907322266,1.0,0.005684209267773355,-0.20699750162076183,1.0,1.206997501620762,0.18440222306020856,1.0,0.8155977769397914,0.9673592319098027,1.0,0.032640768090197336,0.9775251946317612,1.0,0.02247480536823876,0.9832278659967884,1.0,0.016772134003211647,0.9832278659967877,1.0,0.016772134003212313,-0.02670377366663605,1.0,1.026703773666636,-0.20688279766042592,1.0,1.206882797660426,0.904502641069214,1.0,0.09549735893078604,0.9943942958412837,1.0,0.005605704158716307,0.9832278659967845,1.0,0.016772134003215533,0.9673592319091406,1.0,0.03264076809085936,0.2940069093546297,1.0,0.7059930906453703,0.9673592319097345,1.0,0.032640768090265504,0.9673592319097345,1.0,0.032640768090265504,0.9934957240202424,1.0,0.006504275979757557,-0.20688279766042592,1.0,1.206882797660426,0.2584114416917726,1.0,0.7415885583082273,-0.4885259543319171,1.0,1.4885259543319171,0.9455200225344783,1.0,0.05447997746552169
Pyruvate metabolism,1.0,1.0,0.0,1.0,1.0,0.0,1.0,1.0,0.0,1.0,0.0,-1.0,1.0,0.0,-1.0,1.0,1.0,0.0,1.0,1.0,0.0,1.0,1.0,0.0,1.0,1.0,0.0,1.0,1.0,0.0,1.0,1.0,0.0,1.0,1.0,0.0,1.0,1.0,0.0,1.0,1.0,0.0,1.0,1.0,0.0,1.0,1.0,0.0,1.0,1.0,0.0,1.0,0.0,-1.0,1.0,1.0,0.0,1.0,1.0,0.0,1.0,1.0,0.0,1.0,1.0,0.0,1.0,1.0,0.0,1.0,1.0,0.0,1.0,1.0,0.0,1.0,1.0,0.0,1.0,1.0,0.0,1.0,1.0,0.0,1.0,1.0,0.0,1.0,1.0,0.0,1.0,1.0,0.0,1.0,1.0,0.0,1.0,1.0,0.0,1.0,0.0,-1.0,1.0,1.0,0.0,1.0,1.0,0.0,1.0,1.0,0.0,1.0,1.0,0.0,1.0,1.0,0.0,1.0,1.0,0.0
S_Cysteine_Metabolism,1.0,1.0,0.0,1.0,1.0,0.0,1.0,1.0,0.0,,,,0.0,0.0,0.0,,,,0.0,0.0,0.0,,,,1.0,1.0,0.0,0.0,0.0,0.0,0.0,0.0,0.0,0.0,0.0,0.0,,,,,,,1.0,1.0,0.0,0.0,0.0,0.0,,,,0.0,0.0,0.0,0.0,0.0,0.0,1.0,0.0,-1.0,,,,,,,0.0,0.0,0.0,1.0,1.0,0.0,1.0,1.0,0.0,,,,1.0,1.0,0.0,,,,0.0,0.0,0.0,1.0,1.0,0.0,,,,0.0,0.0,0.0,,,,0.0,0.0,0.0,0.0,0.0,0.0,1.0,1.0,0.0,,,,,,,1.0,1.0,0.0,1.0,1.0,0.0
Glycolysis/Gluconeogenesis,0.001319040232544641,1.0,0.9986809597674554,-0.3247714911714176,1.0,1.3247714911714177,-0.003409253323833935,1.0,1.003409253323834,-0.0033968539049154616,1.0,1.0033968539049154,0.2026406033166394,1.0,0.7973593966833605,0.19262167584720138,1.0,0.8073783241527986,0.18826055806930098,1.0,0.811739441930699,-0.0034092533238446426,1.0,1.0034092533238446,0.0013806016741195978,1.0,0.9986193983258804,0.18826055807091305,1.0,0.811739441929087,-0.35263555609764075,1.0,1.3526355560976406,0.19243589609765696,1.0,0.807564103902343,-0.0034092533238340625,1.0,1.0034092533238341,0.19891160969692367,1.0,0.8010883903030763,-0.0018204929264917934,1.0,1.0018204929264918,0.1980281316593346,1.0,0.8019718683406654,-0.0034092533238036134,1.0,1.0034092533238037,0.20264060331663764,1.0,0.7973593966833623,0.18826055807091022,1.0,0.8117394419290898,-0.004028630328908466,1.0,1.0040286303289085,0.19970276831435751,1.0,0.8002972316856425,0.1987564415493766,1.0,0.8012435584506234,0.18826055807091283,1.0,0.8117394419290872,0.15440627315440816,1.0,0.8455937268455919,-0.003409253323833863,1.0,1.003409253323834,-0.003409253323834184,1.0,1.0034092533238341,0.0070126131953239185,1.0,0.9929873868046761,0.3294671324499952,1.0,0.6705328675500049,0.19761479739805082,1.0,0.8023852026019491,-0.0035705366915222297,1.0,1.0035705366915222,-0.00340925332383446,1.0,1.0034092533238343,0.1882605580706561,1.0,0.8117394419293439,-0.001991559034367156,1.0,1.001991559034367,0.18826055807064093,1.0,0.8117394419293591,0.18826055807064093,1.0,0.8117394419293591,0.0013806114621803442,1.0,0.9986193885378196,0.3294671324499952,1.0,0.6705328675500049,-0.014619826180808669,1.0,1.0146198261808086,0.19302429707818983,1.0,0.8069757029218102,0.19233749207324144,1.0,0.8076625079267585
Nicotinate and nicotinamide metabolism,1.0,0.8206067485920506,-0.17939325140794937,0.9999999999999998,-0.7949905945972947,-1.7949905945972944,1.0,0.0,-1.0,1.0,0.0,-1.0,1.0,0.0,-1.0,1.0,0.0,-1.0,1.0,0.9604876234075984,-0.03951237659240159,1.0,0.0,-1.0,1.0,0.0,-1.0,1.0,0.8344852641743445,-0.16551473582565546,1.0,0.0,-1.0,1.0,0.0,-1.0,1.0,0.0,-1.0,1.0,0.0,-1.0,1.0,0.0,-1.0,1.0,0.9999999982882525,-1.711747521504492e-09,1.0,0.0,-1.0,1.0,-1.0,-2.0,1.0,0.0,-1.0,1.0,0.0,-1.0,1.0,0.0,-1.0,1.0,-0.4396672100360331,-1.439667210036033,1.0,0.0,-1.0,0.9999999999999997,0.0,-0.9999999999999997,0.9999999999999993,0.0,-0.9999999999999993,0.9999999999999997,0.0,-0.9999999999999997,1.0,0.0,-1.0,1.0,0.0,-1.0,1.0,0.0,-1.0,1.0,0.0,-1.0,0.9999999999999997,0.0,-0.9999999999999997,1.0,0.0,-1.0,1.0,0.997736410815855,-0.002263589184145043,1.0,0.0,-1.0,1.0,0.4219233625754433,-0.5780766374245567,1.0,1.0,0.0,1.0,0.0,-1.0,1.0,0.0,-1.0,1.0,0.0,-1.0,1.0,0.0,-1.0
S_Cofactor_and_Prosthetic_Group_Biosynthesis__Porphyrin_and_Chlorophyll_Metabolism,0.0,1.0,1.0,0.0,1.0,1.0,0.0,0.0,0.0,0.0,0.0,0.0,0.0,0.0,0.0,0.0,0.0,0.0,-1.0,-1.0,0.0,0.0,0.0,0.0,0.0,-1.0,-1.0,0.0,0.0,0.0,0.0,0.0,0.0,0.0,0.0,0.0,0.0,0.0,0.0,0.0,0.0,0.0,0.0,0.0,0.0,0.0,1.0,1.0,0.0,0.0,0.0,0.0,-1.0,-1.0,1.0,0.0,-1.0,0.0,0.0,0.0,0.0,0.0,0.0,0.0,1.0,1.0,0.0,0.0,0.0,0.0,0.0,0.0,0.0,1.0,1.0,0.0,0.0,0.0,0.0,1.0,1.0,0.0,0.0,0.0,0.0,0.0,0.0,0.0,0.0,0.0,0.0,0.0,0.0,0.0,0.0,0.0,0.0,0.0,0.0,-1.0,0.0,1.0,-1.0,-1.0,0.0,0.0,0.0,0.0,0.0,0.0,0.0,1.0,0.0,-1.0,0.0,0.0,0.0,0.0,0.0,0.0
Fructose and mannose metabolism,0.0,0.0,0.0,,,,0.0,0.0,0.0,0.0,0.0,0.0,0.0,0.0,0.0,,,,0.0,0.0,0.0,0.0,0.0,0.0,0.0,0.0,0.0,0.0,-1.0,-1.0,,,,0.0,0.0,0.0,0.0,0.0,0.0,,,,,,,0.0,0.0,0.0,0.0,0.0,0.0,0.0,0.0,0.0,0.0,0.0,0.0,0.0,0.0,0.0,,,,0.0,0.0,0.0,0.0,0.0,0.0,0.0,0.0,0.0,0.0,0.0,0.0,0.0,0.0,0.0,0.0,0.0,0.0,0.0,0.0,0.0,0.0,0.0,0.0,0.0,0.0,0.0,0.0,0.0,0.0,0.0,0.0,0.0,0.0,0.0,0.0,0.0,0.0,0.0,0.0,0.0,0.0,0.0,0.0,0.0,0.0,0.0,0.0,,,,0.0,0.0,0.0,0.0,0.0,0.0
Central Metabolism,,,,,,,,,,,,,0.0,0.0,0.0,,,,0.0,0.0,0.0,0.0,0.0,0.0,,,,0.0,0.0,0.0,0.0,0.0,0.0,,,,0.0,0.0,0.0,,,,,,,,,,0.0,0.0,0.0,0.0,0.0,0.0,0.0,0.0,0.0,0.0,0.0,0.0,,,,0.0,0.0,0.0,,,,,,,,,,0.0,0.0,0.0,0.0,0.0,0.0,,,,,,,0.0,0.0,0.0,0.0,0.0,0.0,0.0,0.0,0.0,,,,0.0,0.0,0.0,0.0,0.0,0.0,,,,,,,,,,0.0,0.0,0.0,0.0,0.0,0.0
Purine metabolism,1.0,1.0,0.0,1.0,1.0,0.0,1.0,1.0,0.0,1.0,1.0,0.0,1.0,1.0,0.0,1.0,1.0,0.0,1.0,1.0,0.0,1.0,1.0,0.0,1.0,1.0,0.0,1.0,1.0,0.0,1.0,1.0,0.0,1.0,1.0,0.0,1.0,1.0,0.0,1.0,1.0,0.0,1.0,1.0,0.0,1.0,1.0,0.0,1.0,1.0,0.0,1.0,1.0,0.0,1.0,0.0,-1.0,1.0,1.0,0.0,1.0,1.0,0.0,1.0,1.0,0.0,1.0,1.0,0.0,1.0,1.0,0.0,1.0,1.0,0.0,1.0,1.0,0.0,1.0,1.0,0.0,1.0,1.0,0.0,1.0,1.0,0.0,1.0,1.0,0.0,1.0,1.0,0.0,1.0,1.0,0.0,1.0,1.0,0.0,1.0,1.0,0.0,1.0,1.0,0.0,1.0,1.0,0.0,1.0,1.0,0.0,1.0,1.0,0.0,1.0,1.0,0.0,1.0,1.0,0.0
Anaplerotic Reactions,1.0,1.0,0.0,1.0,1.0,0.0,1.0,1.0,0.0,1.0,1.0,0.0,1.0,1.0,0.0,1.0,1.0,0.0,1.0,1.0,0.0,1.0,1.0,0.0,1.0,1.0,0.0,1.0,1.0,0.0,1.0,1.0,0.0,1.0,1.0,0.0,1.0,1.0,0.0,1.0,1.0,0.0,1.0,1.0,0.0,1.0,1.0,0.0,1.0,1.0,0.0,1.0,1.0,0.0,1.0,1.0,0.0,1.0,1.0,0.0,1.0,1.0,0.0,1.0,1.0,0.0,1.0,1.0,0.0,1.0,1.0,0.0,1.0,1.0,0.0,1.0,1.0,0.0,1.0,1.0,0.0,1.0,1.0,0.0,1.0,1.0,0.0,1.0,1.0,0.0,1.0,1.0,0.0,1.0,1.0,0.0,1.0,1.0,0.0,1.0,1.0,0.0,1.0,1.0,0.0,1.0,1.0,0.0,1.0,1.0,0.0,1.0,1.0,0.0,1.0,1.0,0.0,1.0,1.0,0.0
"Transport, Outer Membrane Porin",1.0,1.0,0.0,0.0,0.0,0.0,1.0,1.0,0.0,0.0,0.0,0.0,1.0,1.0,0.0,1.0,1.0,0.0,1.0,1.0,0.0,1.0,1.0,0.0,1.0,1.0,0.0,1.0,1.0,0.0,1.0,1.0,0.0,1.0,1.0,0.0,1.0,1.0,0.0,0.0,0.0,0.0,0.0,0.0,0.0,0.0,-1.0,-1.0,1.0,1.0,0.0,1.0,1.0,0.0,1.0,1.0,0.0,0.0,0.0,0.0,0.0,0.0,0.0,1.0,1.0,0.0,1.0,1.0,0.0,0.0,0.0,0.0,0.0,0.0,0.0,1.0,1.0,0.0,1.0,1.0,0.0,1.0,1.0,0.0,0.0,0.0,0.0,1.0,1.0,0.0,0.0,0.0,0.0,1.0,1.0,0.0,,,,1.0,1.0,0.0,1.0,1.0,0.0,1.0,1.0,0.0,1.0,1.0,0.0,,,,0.0,-0.23593615508776705,-0.23593615508776705,1.0,1.0,0.0
Nitrogen metabolism,0.0,0.0,0.0,0.0,0.0,0.0,0.0,0.0,0.0,0.0,0.0,0.0,0.0,0.0,0.0,0.0,0.0,0.0,0.0,0.0,0.0,0.0,0.0,0.0,0.0,0.0,0.0,0.0,0.0,0.0,0.0,0.0,0.0,0.0,0.0,0.0,0.0,0.0,0.0,,,,,,,0.0,0.0,0.0,0.0,0.0,0.0,0.0,0.0,0.0,0.0,0.0,0.0,0.0,0.0,0.0,,,,0.0,0.0,0.0,0.0,0.0,0.0,0.0,0.0,0.0,0.0,0.0,0.0,0.0,0.0,0.0,0.0,0.0,0.0,0.0,1.0,1.0,0.0,0.0,0.0,0.0,0.0,0.0,0.0,0.0,0.0,0.0,0.0,0.0,0.0,-1.0,-1.0,0.0,0.0,0.0,0.0,0.0,0.0,0.0,0.0,0.0,0.0,0.0,0.0,,,,0.0,0.0,0.0,0.0,0.0,0.0
S_Glutamate_Metabolism,0.0,0.0,0.0,0.0,0.0,0.0,0.0,0.0,0.0,0.0,0.0,0.0,0.0,0.0,0.0,0.0,0.0,0.0,0.0,0.0,0.0,0.0,0.0,0.0,0.0,0.0,0.0,0.0,0.0,0.0,0.0,0.0,0.0,0.0,0.0,0.0,0.0,0.0,0.0,0.0,0.0,0.0,0.0,0.0,0.0,0.0,0.0,0.0,0.0,0.0,0.0,0.0,0.0,0.0,0.0,0.0,0.0,0.0,0.0,0.0,0.0,0.0,0.0,0.0,0.0,0.0,0.0,0.0,0.0,0.0,1.0,1.0,0.0,0.0,0.0,0.0,0.0,0.0,,,,0.0,0.0,0.0,0.0,0.0,0.0,0.0,0.0,0.0,0.0,0.0,0.0,0.0,0.0,0.0,0.0,0.0,0.0,0.0,0.0,0.0,0.0,0.0,0.0,0.0,0.0,0.0,0.0,0.0,0.0,,,,0.0,0.0,0.0,0.0,0.0,0.0
Aromatic Compound Degradation,,,,1.0,0.9576703984530235,-0.042329601546976514,,,,1.0,0.0,-1.0,,,,0.0,0.0,0.0,,,,0.9999999999999996,1.0,4.440892098500626e-16,,,,,,,,,,,,,1.0,0.0,-1.0,1.0,0.0,-1.0,,,,,,,0.9999999999999996,0.0,-0.9999999999999996,,,,,,,,,,,,,1.0,1.0,0.0,,,,,,,,,,1.0,0.0,-1.0,,,,1.0,0.0,-1.0,,,,,,,0.9999999999999993,0.0,-0.9999999999999993,,,,,,,,,,,,,,,,1.0,0.0,-1.0,0.0,0.0,0.0,1.0,0.0,-1.0,,,
Cofactor and Prosthetic Group Biosynthesis,1.0,1.0,0.0,1.0,1.0,0.0,1.0,1.0,0.0,1.0,1.0,0.0,1.0,1.0,0.0,0.9999999999348721,1.0,6.512790307056093e-11,0.9999999999996266,1.0,3.7336800318144014e-13,0.9999999999458281,1.0,5.41718891966525e-11,0.9999999999990006,1.0,9.99422766767566e-13,1.0,1.0,0.0,1.0,1.0,0.0,1.0,1.0,0.0,1.0,1.0,0.0,0.9999999999999765,1.0,2.353672812205332e-14,1.0,1.0,0.0,0.999999999999572,1.0,4.2799097599299785e-13,0.9999999999999929,1.0,7.105427357601002e-15,1.0,1.0,0.0,1.0,1.0,0.0,1.0,1.0,0.0,1.0,1.0,0.0,1.0,1.0,0.0,1.0,1.0,0.0,1.0,1.0,0.0,0.9999999999999509,1.0,4.907185768843192e-14,0.9999999999999996,1.0,4.440892098500626e-16,1.0,1.0,0.0,0.9999999999999579,1.0,4.207745263329343e-14,0.9999999999996476,1.0,3.523847880160247e-13,1.0,1.0,0.0,0.9999999999999998,1.0,2.220446049250313e-16,1.0,1.0,0.0,1.0,1.0,0.0,1.0,1.0,0.0,1.0,1.0,0.0,0.9999999999999633,1.0,3.674838211509268e-14,0.9999999999999579,1.0,4.207745263329343e-14,0.9999999999999962,1.0,3.774758283725532e-15,1.0,1.0,0.0,1.0,1.0,0.0
Pentose phosphate pathway,0.0,1.0,1.0,,,,0.0,0.0,0.0,,,,0.0,0.0,0.0,0.0,0.0,0.0,0.0,0.0,0.0,0.0,0.0,0.0,0.0,0.0,0.0,0.0,0.0,0.0,,,,0.0,0.0,0.0,0.0,0.0,0.0,0.0,0.0,0.0,,,,0.0,0.0,0.0,,,,0.0,0.0,0.0,0.0,0.0,0.0,0.0,0.0,0.0,,,,0.0,1.0,1.0,0.0,0.0,0.0,,,,,,,0.0,0.0,0.0,,,,,,,0.0,0.0,0.0,,,,0.0,0.0,0.0,0.0,0.0,0.0,,,,0.0,0.0,0.0,0.0,0.0,0.0,0.0,1.0,1.0,,,,,,,,,,0.0,0.0,0.0
Pyruvate Metabolism,1.0,1.0,0.0,0.0,1.0,1.0,1.0,1.0,0.0,1.0,1.0,0.0,0.0,0.0,0.0,0.0,0.0,0.0,0.0,0.0,0.0,1.0,1.0,0.0,1.0,1.0,0.0,0.0,-1.0,-1.0,0.0,0.0,0.0,1.0,1.0,0.0,1.0,1.0,0.0,1.0,1.0,0.0,0.0,0.0,0.0,1.0,1.0,0.0,1.0,1.0,0.0,0.0,0.0,0.0,0.0,0.0,0.0,1.0,1.0,0.0,0.0,0.0,0.0,1.0,1.0,0.0,0.0,0.0,0.0,1.0,1.0,0.0,1.0,1.0,0.0,1.0,1.0,0.0,1.0,1.0,0.0,0.0,0.0,0.0,1.0,1.0,0.0,1.0,1.0,0.0,1.0,1.0,0.0,0.0,0.0,0.0,0.0,0.0,0.0,0.0,0.0,0.0,0.0,-1.0,-1.0,1.0,1.0,0.0,0.0,0.0,0.0,,,,0.0,0.0,0.0,1.0,1.0,0.0
Exchange,0.0,0.0,0.0,0.0,-1.0,-1.0,0.0,-1.0,-1.0,0.0,0.0,0.0,0.0,0.0,0.0,0.0,0.0,0.0,0.0,1.0,1.0,0.0,0.0,0.0,0.0,0.0,0.0,0.0,-1.0,-1.0,0.0,0.0,0.0,0.0,0.0,0.0,0.0,0.0,0.0,0.0,0.0,0.0,0.0,0.0,0.0,0.0,-1.0,-1.0,0.0,0.0,0.0,0.0,0.0,0.0,0.0,0.0,0.0,0.0,0.0,0.0,0.0,0.5331121377417993,0.5331121377417993,0.0,0.0,0.0,0.0,0.0,0.0,0.0,0.0,0.0,0.0,0.0,0.0,0.0,0.0,0.0,0.0,0.0,0.0,1.0,0.0,-1.0,0.0,0.0,0.0,0.0,0.0,0.0,0.0,0.0,0.0,0.0,0.0,0.0,0.0,0.0,0.0,0.0,0.0,0.0,0.0,1.0,1.0,0.0,0.0,0.0,1.0,0.0,-1.0,-1.0,0.0,1.0,,,,0.0,0.0,0.0
S_Histidine_Metabolism,,,,,,,,,,,,,,,,,,,,,,,,,,,,,,,,,,,,,,,,,,,,,,,,,,,,,,,,,,,,,,,,,,,,,,,,,,,,,,,,,,,,,,,,0.0,0.0,0.0,,,,,,,,,,,,,,,,,,,,,,,,,,,,,,
S_Pyrimidine_Metabolism,,,,,,,,,,,,,,,,,,,,,,,,,,,,,,,,,,0.0,0.0,0.0,,,,,,,0.0,0.0,0.0,,,,,,,,,,,,,,,,,,,,,,,,,,,,,,,,,,,,,,,,,,,,,,,,,,,,,,,,,,,,,,,,,,,,,,,,,,,
Fatty Acid Synthesis,1.0,1.0,0.0,1.0,1.0,0.0,1.0,0.0,-1.0,1.0,1.0,0.0,1.0,0.0,-1.0,1.0,0.0,-1.0,1.0,1.0,0.0,1.0,0.0,-1.0,1.0,0.0,-1.0,1.0,1.0,0.0,1.0,0.0,-1.0,1.0,0.0,-1.0,1.0,0.0,-1.0,1.0,0.0,-1.0,0.9999999999977831,0.0,-0.9999999999977831,1.0,1.0,0.0,1.0,0.0,-1.0,1.0,0.0,-1.0,1.0,0.0,-1.0,1.0,0.0,-1.0,1.0,0.0,-1.0,1.0,0.9999999918969972,-8.103002824277894e-09,1.0,0.0,-1.0,0.9999999999999996,1.0,4.440892098500626e-16,0.9999999999999996,0.0,-0.9999999999999996,0.9999999999999992,0.0,-0.9999999999999992,1.0,0.0,-1.0,1.0,0.0,-1.0,1.0,0.0,-1.0,1.0,0.0,-1.0,0.9999999999999996,0.0,-0.9999999999999996,1.0,0.0,-1.0,1.0,1.0,0.0,1.0,0.0,-1.0,1.0,1.0,0.0,1.0,1.0,0.0,1.0,0.0,-1.0,1.0,0.0,-1.0,1.0,-1.0,-2.0,1.0,1.0,0.0
Threonine and Lysine Metabolism,0.23074461100779992,1.0,0.7692553889922,0.1854692356592315,1.0,0.8145307643407684,0.23074461100779994,1.0,0.7692553889922,0.23074461100779997,1.0,0.7692553889922,0.23074461100779992,1.0,0.7692553889922,0.1854692356592315,1.0,0.8145307643407684,0.2307446110078018,1.0,0.7692553889921983,0.23074461100861984,1.0,0.7692553889913801,0.23074461100779994,1.0,0.7692553889922,0.2307446110077999,1.0,0.7692553889922001,0.18546923565923143,1.0,0.8145307643407685,0.23074461100779997,1.0,0.7692553889922,0.23074461100779997,1.0,0.7692553889922,0.18546923565923154,1.0,0.8145307643407684,0.1854692356592315,1.0,0.8145307643407684,0.23074461100780008,1.0,0.7692553889921999,0.23074461100779217,1.0,0.7692553889922078,0.23074461100779994,1.0,0.7692553889922,0.23074461100779656,1.0,0.7692553889922035,0.23074461100779992,1.0,0.7692553889922,0.1854692356592315,1.0,0.8145307643407684,0.23074461100779994,1.0,0.7692553889922,0.23074461100779997,1.0,0.7692553889922,0.2307446110078,1.0,0.7692553889922,0.2307446110077998,1.0,0.7692553889922003,0.23074461100779997,1.0,0.7692553889922,0.23074461100779997,1.0,0.7692553889922,0.18546923565867085,1.0,0.8145307643413291,0.18546923565923146,1.0,0.8145307643407685,0.18546923565923146,1.0,0.8145307643407685,0.23074461100780014,1.0,0.7692553889921998,0.2307446110078,1.0,0.7692553889922,0.18546923565923162,1.0,0.8145307643407684,0.2307446110078,1.0,0.7692553889922,0.2307446110078,1.0,0.7692553889922,0.23074461100779994,1.0,0.7692553889922,0.18546923565867085,1.0,0.8145307643413291,0.1113030733398271,1.0,0.8886969266601729,0.1854692356592315,1.0,0.8145307643407684,0.23074461100779978,1.0,0.7692553889922003
Alanine and Aspartate Metabolism,-0.8423941410243676,1.0,1.8423941410243676,-0.8423941410244022,1.0,1.8423941410244022,-0.8423941410243836,1.0,1.8423941410243836,-0.8423941410247535,1.0,1.8423941410247535,-0.8423941410244081,1.0,1.8423941410244082,-0.842394141024397,1.0,1.8423941410243971,-0.842394141020183,1.0,1.842394141020183,-0.8423941410251451,1.0,1.842394141025145,-0.8423941410245741,1.0,1.842394141024574,-0.8423941410244228,1.0,1.842394141024423,-0.8110830713689348,1.0,1.8110830713689348,-0.842394141024406,1.0,1.842394141024406,-0.8423941410244284,1.0,1.8423941410244284,-0.8423941410244119,1.0,1.8423941410244118,-0.7868273027750206,1.0,1.7868273027750206,-0.8423941410244291,1.0,1.842394141024429,-0.8423941410249782,1.0,1.8423941410249782,-0.842394141024415,1.0,1.842394141024415,-0.842394141024444,1.0,1.842394141024444,-0.914882964462597,1.0,1.9148829644625969,-0.8423941410244465,1.0,1.8423941410244464,-0.8423941410244385,1.0,1.8423941410244384,-0.8423941410244105,1.0,1.8423941410244105,-0.8423941410244291,1.0,1.842394141024429,-0.8423941410244183,1.0,1.8423941410244185,-0.8423941410244103,1.0,1.8423941410244105,-0.8423941410244128,1.0,1.8423941410244127,-0.8423941410243951,1.0,1.8423941410243951,-0.8423941410244733,1.0,1.8423941410244733,-0.9148829644625549,1.0,1.914882964462555,-0.8423941410244319,1.0,1.8423941410244318,-0.8423941410244138,1.0,1.8423941410244138,-0.8549287080998589,1.0,1.8549287080998589,-0.8423941410242232,1.0,1.842394141024223,-0.8423941410242232,1.0,1.842394141024223,-0.8423941410246505,1.0,1.8423941410246505,-0.8423941410243951,1.0,1.8423941410243951,-0.8110830713689261,1.0,1.811083071368926,-0.8423941410243945,1.0,1.8423941410243945,-0.8423941410244272,1.0,1.8423941410244273
S_Transport__Outer_Membrane,0.0,0.0,0.0,,,,0.0,0.0,0.0,0.0,0.0,0.0,,,,0.0,0.0,0.0,,,,0.0,0.0,0.0,0.0,0.0,0.0,,,,0.0,0.0,0.0,0.0,0.0,0.0,,,,,,,,,,0.0,0.0,0.0,,,,,,,,,,0.0,0.0,0.0,,,,0.0,0.0,0.0,,,,0.0,0.0,0.0,0.0,0.0,0.0,,,,0.0,0.0,0.0,,,,0.0,0.0,0.0,0.0,0.0,0.0,,,,,,,0.0,0.0,0.0,,,,,,,0.0,0.0,0.0,,,,,,,,,,0.0,0.0,0.0
