,query,evalue
PP_0003,b3740,1.0400000000000001e-66
PP_0004,b3741,0.0
PP_0005,b3706,0.0
PP_0006,b3705,1.81e-162
PP_0007,b4557,2.37e-22
PP_0008,b3704,1.5099999999999999e-30
PP_0009,b3703,2.04e-14
PP_0010,b3702,0.0
PP_0011,b3701,3.6e-146
PP_0012,b3700,1.05e-97
PP_0013,b3699,0.0
PP_0024,b4114,2.7900000000000002e-148
PP_0026,b0752,1.75e-59
PP_0033,b2257,9.23e-19
PP_0034,b2351,4.5599999999999996e-62
PP_0059,b0200,2.85e-31
PP_0060,b3559,0.0
PP_0061,b3560,6.1899999999999994e-176
PP_0062,b3549,2.26e-69
PP_0065,b3290,0.0
PP_0066,b3289,3.46e-131
PP_0067,b3288,2.89e-130
PP_0068,b3287,9.01e-64
PP_0069,b4473,3.37e-78
PP_0070,b3282,3.81e-47
PP_0072,b4051,5.390000000000001e-144
PP_0073,b2436,4.67e-155
PP_0074,b3281,6.560000000000001e-85
PP_0077,b3678,2.08e-35
PP_0082,b1260,1.1099999999999999e-48
PP_0083,b1261,2.5e-154
PP_0088,b3160,8.88e-117
PP_0089,b1482,4.33e-57
PP_0095,b3279,6.81e-83
PP_0096,b3498,0.0
PP_0100,b0339,3.18e-81
PP_0112,b0197,9.58e-63
PP_0114,b0199,6.4800000000000005e-109
PP_0115,b1732,0.0
PP_0117,b1859,5.499999999999999e-90
PP_0118,b1858,8.92e-100
PP_0119,b4046,8.45e-25
PP_0120,b1857,1.77e-65
PP_0123,b3863,0.0
PP_0124,b3865,3.09e-66
PP_0127,b3860,4.95e-21
PP_0130,b0867,1.3800000000000001e-58
PP_0131,b0457,5.4599999999999994e-74
PP_0137,b4077,0.0
PP_0145,b4020,0.0
PP_0154,b2920,3.38e-150
PP_0155,b1602,1.3500000000000002e-161
PP_0156,b1603,1.9e-105
PP_0159,b2371,2.67e-77
PP_0160,b0150,6.07e-153
PP_0165,b3252,3.59e-23
PP_0184,b3960,1.03e-149
PP_0185,b2125,2.48e-20
PP_0186,b3805,1.21e-139
PP_0187,b3804,4.92e-22
PP_0188,b3803,2.69e-23
PP_0189,b3802,3.2100000000000004e-33
PP_0191,b3995,7.76e-18
PP_0196,b3352,0.0
PP_0198,b3824,2.38e-47
PP_0204,b3684,9.710000000000001e-32
PP_0213,b2661,0.0
PP_0214,b2662,0.0
PP_0219,b0198,1.61e-53
PP_0225,b1917,1.05e-135
PP_0226,b1918,1.81e-119
PP_0227,b1920,4.97e-115
PP_0229,b0314,0.0
PP_0230,b0368,1.18e-126
PP_0231,b0367,3.46e-105
PP_0232,b0366,6.45e-114
PP_0233,b0365,2.3499999999999998e-126
PP_0236,b0937,1.13e-61
PP_0237,b0936,2.61e-91
PP_0238,b0935,0.0
PP_0239,b0934,5.27e-127
PP_0240,b0933,1.4599999999999999e-115
PP_0243,b2688,6.57e-135
PP_0245,b3407,0.0
PP_0246,b3405,3.38e-119
PP_0247,b3404,4.42e-63
PP_0248,b0852,1.36e-143
PP_0250,b3400,5.91e-39
PP_0251,b2174,3.07e-15
PP_0252,b3401,7.830000000000001e-66
PP_0256,b1501,0.0
PP_0257,b3895,2.84e-55
PP_0258,b2665,1.02e-51
PP_0259,b3399,2.05e-56
PP_0260,b3397,1.5500000000000001e-58
PP_0261,b4214,1.24e-64
PP_0262,b3888,1.03e-13
PP_0281,b0862,1.49e-60
PP_0282,b0860,1.47e-62
PP_0285,b2962,2.09e-26
PP_0286,b2961,6.86e-130
PP_0288,b3547,1.19e-19
PP_0289,b2022,3.1699999999999995e-54
PP_0290,b2023,5.28e-37
PP_0292,b2024,1.22e-36
PP_0293,b2025,1.02e-70
PP_0294,b2677,1.18e-95
PP_0316,b0872,4.24e-39
PP_0321,b0870,8.12e-13
PP_0332,b3862,1.24e-79
PP_0335,b3592,1.57e-29
PP_0336,b4219,7.52e-70
PP_0338,b0115,4.7e-171
PP_0339,b0114,0.0
PP_0340,b3053,0.0
PP_0341,b3620,4.49e-125
PP_0342,b3621,2.0699999999999999e-112
PP_0343,b3631,1.41e-139
PP_0344,b3630,2.48e-108
PP_0356,b2976,0.0
PP_0358,b3819,2.69e-91
PP_0359,b3859,1.3399999999999999e-90
PP_0360,b0761,3.22e-36
PP_0361,b3413,3.12e-36
PP_0362,b0775,0.0
PP_0363,b0776,7.259999999999999e-94
PP_0364,b3412,4.4e-24
PP_0365,b0777,2.15e-39
PP_0366,b0778,4.1e-65
PP_0373,b2666,1.96e-16
PP_0381,b2821,9.06e-29
PP_0387,b3067,0.0
PP_0388,b3066,6.32e-169
PP_0389,b3065,3.59e-36
PP_0390,b3064,0.0
PP_0391,b3059,4.46e-44
PP_0392,b3058,3.8e-35
PP_0394,b3056,2.7200000000000003e-121
PP_0395,b1188,0.0
PP_0396,b1784,4.4000000000000006e-173
PP_0397,b1783,0.0
PP_0398,b3425,8.8e-37
PP_0399,b0049,3.71e-89
PP_0400,b0050,2.5499999999999997e-42
PP_0401,b0051,7.27e-90
PP_0402,b0052,8.85e-138
PP_0403,b0053,4.0899999999999996e-108
PP_0404,b0054,3.35e-94
PP_0407,b0055,3.45e-23
PP_0409,b1222,5.27e-20
PP_0415,b3386,9.05e-126
PP_0416,b3385,2.23e-60
PP_0417,b1264,4.36e-78
PP_0420,b3360,9.039999999999999e-95
PP_0421,b1263,7.47e-59
PP_0422,b1262,1.21e-43
PP_0424,b3357,1.76e-95
PP_0425,b3356,1.43e-48
PP_0428,b1103,7.080000000000001e-32
PP_0432,b3958,1.88e-68
PP_0433,b0156,8.51e-54
PP_0434,b1640,7.86e-103
PP_0435,b1856,1.49e-64
PP_0436,b1637,1.57e-45
PP_0437,b3973,2.2299999999999998e-69
PP_0440,b3980,0.0
PP_0441,b3981,7.560000000000001e-32
PP_0442,b3982,2.87e-94
PP_0443,b3983,6.570000000000001e-73
PP_0444,b3984,3.28e-113
PP_0445,b3985,3.6500000000000005e-79
PP_0446,b3986,5.14e-35
PP_0447,b3987,0.0
PP_0448,b3988,0.0
PP_0449,b3342,1.02e-77
PP_0450,b3341,9.8e-78
PP_0453,b3321,3.01e-66
PP_0454,b3320,3.91e-111
PP_0455,b3319,3.39e-100
PP_0456,b3318,1.5400000000000002e-32
PP_0457,b3317,8.75e-155
PP_0458,b3316,1.0299999999999999e-48
PP_0459,b3315,4.32e-52
PP_0460,b3314,2.13e-119
PP_0461,b3313,1.19e-74
PP_0462,b3312,4.92e-22
PP_0463,b3311,1.12e-39
PP_0464,b3310,3.3599999999999998e-74
PP_0465,b3309,1.42e-40
PP_0466,b3308,2.78e-88
PP_0467,b3307,8.31e-41
PP_0468,b3306,5.13e-60
PP_0469,b3305,8.33e-78
PP_0470,b3304,3.1100000000000003e-31
PP_0471,b3303,3.19e-83
PP_0472,b3302,1.09e-20
PP_0473,b3301,2.25e-63
PP_0474,b3300,0.0
PP_0475,b3299,1.83e-20
PP_0476,b3298,1.38e-62
PP_0477,b3297,3.3599999999999998e-74
PP_0478,b3296,1.0199999999999999e-108
PP_0479,b3295,1.97e-174
PP_0480,b3294,6.5399999999999995e-68
PP_0483,b4058,0.0
PP_0484,b0427,1.22e-165
PP_0485,b4059,9.73e-60
PP_0487,b2327,1.5e-30
PP_0489,b3894,0.0
PP_0490,b3893,1.31e-146
PP_0491,b3892,6.479999999999999e-68
PP_0492,b3891,3.3600000000000003e-59
PP_0493,b3591,6.21e-149
PP_0494,b3590,4.02e-151
PP_0495,b1767,2.22e-60
PP_0496,b0007,2.93e-112
PP_0504,b1256,1.7e-62
PP_0510,b0492,3.26e-53
PP_0513,b0413,6.15e-74
PP_0514,b0414,2.23e-131
PP_0517,b0415,1.5699999999999998e-61
PP_0518,b0416,8.99e-43
PP_0519,b0417,6.78e-76
PP_0520,b0418,1.2699999999999999e-48
PP_0522,b1277,7.39e-87
PP_0524,b0158,4.1300000000000004e-26
PP_0525,b3966,2.2699999999999997e-67
PP_0527,b0420,0.0
PP_0528,b0421,4.88e-78
PP_0529,b0422,2e-16
PP_0538,b4226,1.64e-84
PP_0539,b1976,9.83e-49
PP_0540,b2317,1.04e-83
PP_0542,b2440,9.35e-37
PP_0543,b2441,6.64e-159
PP_0545,b3588,0.0
PP_0547,b4233,0.0
PP_0548,b2311,7.629999999999999e-42
PP_0550,b3152,5.000000000000001e-66
PP_0552,b1774,2.52e-58
PP_0553,b0349,9.860000000000001e-21
PP_0558,b3256,0.0
PP_0559,b3255,3.77e-62
PP_0565,b2299,4.74e-25
PP_0566,b1282,3.4999999999999997e-25
PP_0567,b2938,0.0
PP_0569,b4044,6.75e-93
PP_0570,b2520,0.0
PP_0572,b2519,0.0
PP_0578,b0921,7.79e-57
PP_0582,b2342,2.12e-88
PP_0583,b1790,3.7099999999999997e-38
PP_0585,b0487,8.22e-42
PP_0586,b0484,3.0499999999999996e-170
PP_0589,b2182,8.05e-51
PP_0591,b1623,3.31e-39
PP_0593,b3848,9.44e-31
PP_0594,b1013,4.22e-53
PP_0599,b1834,2.22e-89
PP_0600,b0023,7.09e-28
PP_0601,b1069,0.0
PP_0602,b0025,7.35e-107
PP_0603,b0026,0.0
PP_0604,b0027,6.21e-32
PP_0605,b0028,4.4400000000000003e-35
PP_0606,b0029,2.83e-151
PP_0622,b2595,4e-58
PP_0623,b2594,7.300000000000001e-125
PP_0624,b2593,4.48e-90
PP_0625,b2592,0.0
PP_0626,b1109,1.09e-174
PP_0630,b0101,4.01e-20
PP_0631,b0103,1.5599999999999998e-61
PP_0632,b2972,1.6e-50
PP_0654,b3236,1.7e-18
PP_0658,b0261,9.92e-17
PP_0660,b0260,0.0
PP_0671,b2551,0.0
PP_0672,b1285,7.25e-113
PP_0674,b4391,0.0
PP_0675,b1761,0.0
PP_0680,b0955,5.03e-77
PP_0682,b3002,1.54e-92
PP_0684,b4207,1.8200000000000002e-66
PP_0686,b4108,4.86e-53
PP_0687,b3187,8.949999999999999e-115
PP_0688,b3186,1.9499999999999998e-42
PP_0689,b3185,7.75e-38
PP_0690,b3183,5.42e-142
PP_0691,b0242,5.53e-98
PP_0692,b4397,4.14e-67
PP_0697,b4373,4.72e-28
PP_0699,b0328,5.54e-20
PP_0701,b0479,4.65e-153
PP_0703,b4292,7.53e-53
PP_0705,b2068,6.06e-14
PP_0706,b2213,1.64e-133
PP_0711,b0897,1.2599999999999999e-137
PP_0716,b4082,3.38e-37
PP_0719,b1203,0.0
PP_0720,b1204,1.42e-68
PP_0721,b2185,2.38e-18
PP_0722,b1207,4.18e-156
PP_0723,b1208,1.88e-92
PP_0724,b1209,1.06e-15
PP_0732,b1210,1.4699999999999998e-140
PP_0733,b1211,2.32e-176
PP_0734,b1212,1.8000000000000002e-85
PP_0735,b0826,9.6e-93
PP_0736,b3967,2.7499999999999997e-42
PP_0739,b0708,4.07e-130
PP_0740,b1162,5.13e-30
PP_0741,b0707,6.38e-25
PP_0743,b2304,9.209999999999999e-94
PP_0744,b0475,4.3599999999999996e-61
PP_0745,b2497,9.97e-93
PP_0746,b2498,4.02e-108
PP_0747,b0125,1.73e-18
PP_0759,b2936,6.99e-19
PP_0761,b4371,4.6499999999999994e-61
PP_0767,b3418,4.05e-38
PP_0770,b4224,2.91e-16
PP_0771,b4225,1.02e-37
PP_0772,b0927,1.6e-44
PP_0773,b3552,9.4e-50
PP_0774,b2297,0.0
PP_0776,b3349,8.84e-38
PP_0777,b1710,2.0300000000000002e-57
PP_0785,b2413,2.6199999999999997e-61
PP_0786,b0888,5.73e-174
PP_0787,b0109,9.859999999999999e-98
PP_0789,b0110,9.96e-67
PP_0791,b4378,3.6399999999999997e-60
PP_0792,b0080,5.5e-94
PP_0794,b2168,2.43e-72
PP_0795,b2167,0.0
PP_0796,b4546,1.88e-16
PP_0807,b2709,9.42e-153
PP_0808,b2552,6.76e-98
PP_0812,b0432,5.22e-127
PP_0813,b0431,0.0
PP_0814,b0430,1.8900000000000002e-97
PP_0815,b0429,1.71e-32
PP_0816,b0428,2.34e-138
PP_0817,b2379,0.0
PP_0819,b0288,3.1499999999999997e-40
PP_0820,b1584,4.01e-13
PP_0822,b0503,1.36e-106
PP_0823,b1764,7.300000000000001e-163
PP_0824,b4105,3.61e-13
PP_0832,b0405,4.2e-176
PP_0833,b0406,0.0
PP_0834,b0407,1.14e-30
PP_0835,b0408,0.0
PP_0836,b0409,2.64e-90
PP_0837,b1110,2.73e-70
PP_0838,b2533,2.05e-99
PP_0839,b2532,5.68e-93
PP_0840,b3607,1.1099999999999999e-42
PP_0841,b2531,9.71e-57
PP_0842,b2530,0.0
PP_0843,b2529,1.65e-75
PP_0844,b2528,4.59e-51
PP_0845,b2527,2.8600000000000003e-31
PP_0846,b2526,0.0
PP_0847,b2525,1.43e-44
PP_0848,b2524,2.62e-19
PP_0849,b2518,3.95e-63
PP_0850,b2517,2.26e-156
PP_0852,b2516,1.9700000000000002e-33
PP_0853,b2515,0.0
PP_0854,b2514,0.0
PP_0855,b2513,3.89e-20
PP_0856,b2512,1.5799999999999999e-55
PP_0857,b2511,0.0
PP_0858,b0600,1.3e-150
PP_0859,b0219,1.61e-84
PP_0861,b0805,3.68e-131
PP_0862,b0804,4.57e-78
PP_0863,b0644,6.16e-17
PP_0868,b2129,3.3900000000000004e-79
PP_0869,b2128,4.1199999999999997e-38
PP_0870,b2131,3.4100000000000004e-37
PP_0872,b4375,0.0
PP_0878,b3540,2.73e-135
PP_0879,b3541,3.67e-138
PP_0880,b3542,7.1e-113
PP_0881,b3543,4.4e-158
PP_0885,b3544,0.0
PP_0897,b1612,1.85e-58
PP_0904,b2237,1.36e-54
PP_0915,b1656,7.400000000000001e-103
PP_0916,b2923,3.26e-41
PP_0917,b2916,2.45e-49
PP_0918,b0868,4.98e-44
PP_0922,b0404,3.28e-33
PP_0927,b0112,0.0
PP_0928,b3196,3.52e-31
PP_0933,b3251,0.0
PP_0934,b3250,3.48e-51
PP_0935,b3249,7.68e-31
PP_0936,b3248,4.24e-61
PP_0937,b3247,0.0
PP_0938,b4472,3.52e-47
PP_0940,b3244,0.0
PP_0941,b4234,1.04e-35
PP_0942,b4235,3.8699999999999995e-152
PP_0946,b3908,4.71e-77
PP_0948,b3206,5.02e-13
PP_0949,b3205,4.23e-93
PP_0950,b3204,3.03e-36
PP_0951,b3203,1.72e-33
PP_0952,b3202,0.0
PP_0953,b3201,6.53e-114
PP_0954,b3200,8.32e-22
PP_0956,b3198,3.6e-51
PP_0957,b3197,4.1299999999999995e-126
PP_0958,b3195,8.61e-108
PP_0959,b3194,6.85e-112
PP_0960,b3193,4.929999999999999e-41
PP_0963,b3190,7.3e-15
PP_0964,b3189,0.0
PP_0965,b2019,8.08e-20
PP_0966,b2020,9.389999999999999e-94
PP_0967,b2021,2.28e-32
PP_0970,b1791,1.65e-64
PP_0972,b3155,9.14e-21
PP_0973,b2186,5.029999999999999e-68
PP_0976,b0807,4.49e-114
PP_0977,b4258,0.0
PP_0979,b4259,4.02e-21
PP_0980,b4260,0.0
PP_0982,b4261,6.54e-50
PP_0983,b4262,9.17e-73
PP_0987,b4471,4.77e-164
PP_0996,b3653,2.38e-171
PP_0999,b0521,1.6e-100
PP_1000,b0273,2.49e-149
PP_1002,b1605,4.62e-136
PP_1010,b1851,0.0
PP_1011,b2388,3.6600000000000005e-73
PP_1014,b3880,2.2400000000000002e-117
PP_1016,b3452,8.54e-22
PP_1018,b3450,3.34e-118
PP_1021,b1853,2.08e-112
PP_1022,b1852,0.0
PP_1024,b1850,3.14e-65
PP_1025,b0074,2.09e-25
PP_1027,b2509,4.76e-119
PP_1031,b2508,0.0
PP_1032,b2507,0.0
PP_1035,b2559,2.58e-49
PP_1036,b2558,1.43e-97
PP_1037,b2557,0.0
PP_1040,b3838,1.47e-12
PP_1041,b3836,2.52e-17
PP_1042,b3332,4.3e-13
PP_1046,b3325,4.83e-63
PP_1047,b3326,5.2200000000000004e-157
PP_1048,b3327,1.03e-90
PP_1049,b3328,7.529999999999999e-41
PP_1056,b3070,4.89e-41
PP_1057,b3071,4.23e-22
PP_1061,b1653,4.8e-175
PP_1063,b3828,1.76e-93
PP_1065,b1607,8.570000000000001e-43
PP_1068,b0652,1.1000000000000001e-125
PP_1069,b0653,1.37e-76
PP_1070,b0654,1.4e-99
PP_1071,b0655,1.5e-113
PP_1073,b3426,0.0
PP_1074,b3423,3.28e-100
PP_1075,b3926,0.0
PP_1076,b3927,3.77e-138
PP_1077,b0481,5.0499999999999994e-61
PP_1081,b1654,1.94e-57
PP_1082,b3336,4.2099999999999995e-68
PP_1083,b3337,6.61e-11
PP_1085,b1652,6.21e-92
PP_1086,b1062,2.02e-141
PP_1088,b3172,6.460000000000001e-27
PP_1090,b0535,1.76e-45
PP_1092,b1633,1e-112
PP_1094,b1631,4.06e-22
PP_1095,b1630,3.6899999999999997e-82
PP_1097,b2114,0.0
PP_1098,b2113,9.67e-112
PP_1100,b2065,5.31e-14
PP_1118,b0544,8.42e-49
PP_1119,b1233,4.9500000000000004e-33
PP_1125,b0799,1.61e-99
PP_1129,b1638,1.82e-53
PP_1131,b1641,1.33e-20
PP_1132,b0019,3.61e-128
PP_1137,b3454,9.770000000000001e-121
PP_1138,b3455,3.0299999999999996e-138
PP_1139,b3456,2.68e-160
PP_1140,b3457,1.54e-135
PP_1141,b3458,1.53e-158
PP_1145,b0059,0.0
PP_1150,b3240,2.72e-38
PP_1152,b1644,1.17e-80
PP_1155,b0385,1.56e-88
PP_1156,b2347,8.740000000000001e-103
PP_1161,b1908,1.2899999999999998e-42
PP_1165,b2544,2.6699999999999997e-30
PP_1167,b3578,2.17e-73
PP_1169,b3579,1.43e-39
PP_1177,b2235,3.2699999999999995e-23
PP_1179,b2234,4.74e-75
PP_1182,b1609,1.39e-55
PP_1183,b0583,9.719999999999999e-24
PP_1184,b3830,5.51e-13
PP_1186,b1130,3.32e-78
PP_1187,b1129,9.330000000000001e-72
PP_1188,b3528,0.0
PP_1189,b0195,7.85e-61
PP_1190,b2124,4.67e-51
PP_1197,b0835,0.0
PP_1200,b3747,0.0
PP_1203,b0231,2.78e-106
PP_1205,b0194,0.0
PP_1213,b1866,0.0
PP_1214,b1864,2.4e-114
PP_1215,b1863,1.65e-54
PP_1216,b1861,5.6e-73
PP_1217,b1860,1.8e-179
PP_1218,b0736,2.86e-33
PP_1219,b0737,1.5500000000000003e-79
PP_1222,b0740,2.51e-112
PP_1223,b0741,5.46e-32
PP_1224,b0742,6.71e-27
PP_1225,b2777,1.12e-16
PP_1226,b0444,8.56e-44
PP_1229,b1296,0.0
PP_1230,b1614,1.28e-50
PP_1231,b0750,5.79e-174
PP_1232,b2494,1.73e-76
PP_1234,b2493,1.55e-107
PP_1235,b2480,4.9699999999999996e-30
PP_1236,b2479,7.53e-14
PP_1237,b2478,1.47e-116
PP_1240,b2476,8.81e-125
PP_1248,b1798,4.15e-38
PP_1249,b3369,1.32e-18
PP_1251,b2210,0.0
PP_1259,b3370,2.26e-19
PP_1263,b4080,6.88e-52
PP_1267,b3130,3.4e-39
PP_1268,b3129,3.84e-16
PP_1274,b0493,3.45e-40
PP_1277,b2049,1.89e-178
PP_1289,b0006,1.34e-125
PP_1292,b0783,1.6600000000000002e-70
PP_1293,b0784,4.42e-22
PP_1294,b0785,2.36e-56
PP_1295,b3780,2.7999999999999998e-112
PP_1298,b3269,1.26e-165
PP_1299,b3270,7.55e-179
PP_1300,b3271,7.570000000000001e-157
PP_1301,b3235,1.17e-82
PP_1302,b0710,2.55e-90
PP_1303,b2752,4.0699999999999996e-176
PP_1304,b2751,1.1300000000000001e-179
PP_1311,b3384,1.22e-52
PP_1312,b3232,4.89e-127
PP_1314,b2834,1.0599999999999999e-137
PP_1315,b3231,3.3500000000000003e-77
PP_1316,b3230,3.78e-72
PP_1320,b3229,6.12e-76
PP_1321,b3228,7.2e-38
PP_1322,b3150,8.41e-37
PP_1323,b3149,1.3400000000000002e-79
PP_1324,b3148,2.83e-25
PP_1325,b3147,3.1600000000000003e-27
PP_1326,b3146,6.98e-110
PP_1328,b0081,1.46e-50
PP_1329,b0082,6.01e-117
PP_1331,b0084,3.26e-158
PP_1332,b0085,4.25e-122
PP_1333,b0086,5.42e-108
PP_1334,b0087,1.4599999999999998e-165
PP_1335,b0088,6.6100000000000005e-121
PP_1336,b0089,2.44e-97
PP_1337,b0090,1.3799999999999999e-89
PP_1338,b0091,0.0
PP_1339,b0092,1.16e-103
PP_1340,b0093,4.03e-33
PP_1341,b0094,1.39e-145
PP_1342,b0095,2.0899999999999998e-135
PP_1343,b0096,1.11e-132
PP_1345,b0098,0.0
PP_1348,b0099,5.98e-28
PP_1350,b2219,2.27e-40
PP_1351,b0425,2.17e-40
PP_1352,b0426,1.93e-48
PP_1353,b2924,1.7000000000000002e-58
PP_1354,b0842,3.48e-90
PP_1355,b0433,2.83e-38
PP_1356,b0454,5.52e-18
PP_1360,b4142,3.92e-37
PP_1361,b4143,0.0
PP_1362,b1854,0.0
PP_1365,b2011,1.06e-142
PP_1367,b1232,1.8300000000000001e-72
PP_1372,b4263,2.32e-154
PP_1373,b3493,0.0
PP_1375,b1827,5.6e-37
PP_1378,b2587,0.0
PP_1384,b0572,9.71e-112
PP_1385,b0462,0.0
PP_1386,b0463,9.26e-135
PP_1387,b0464,2.3699999999999998e-48
PP_1403,b2132,0.0
PP_1409,b2183,5.45e-59
PP_1411,b1490,7.37e-30
PP_1413,b2580,1.99e-86
PP_1414,b0480,9.28e-27
PP_1423,b2898,1.3399999999999998e-34
PP_1424,b2897,4.19e-19
PP_1426,b2574,0.0
PP_1427,b2573,1.2e-88
PP_1429,b2571,2.72e-29
PP_1430,b0161,4.34e-86
PP_1431,b2569,0.0
PP_1432,b2568,1.18e-70
PP_1433,b2567,8.71e-77
PP_1434,b2566,5.4000000000000004e-132
PP_1435,b2565,2.08e-41
PP_1436,b2564,2.54e-107
PP_1440,b1871,4.1900000000000005e-123
PP_1441,b1870,9.1e-98
PP_1444,b0124,0.0
PP_1451,b0224,1.75e-11
PP_1453,b1813,6.1599999999999994e-30
PP_1457,b1849,0.0
PP_1458,b3523,1.89e-131
PP_1459,b4461,2.0000000000000002e-71
PP_1460,b2611,4.8500000000000006e-27
PP_1461,b2610,0.0
PP_1462,b2609,3.09e-33
PP_1463,b2608,3.87e-39
PP_1464,b2607,3.38e-114
PP_1465,b2606,3.11e-56
PP_1468,b2894,2.1799999999999998e-128
PP_1469,b2893,8.31e-52
PP_1471,b0004,3.81e-73
PP_1476,b0190,2.65e-30
PP_1477,b2892,0.0
PP_1481,b1444,0.0
PP_1482,b1443,1.86e-136
PP_1483,b1442,3.89e-165
PP_1484,b1441,3.46e-156
PP_1486,b1440,0.0
PP_1487,b1846,1.18e-18
PP_1495,b2891,0.0
PP_1496,b2890,0.0
PP_1497,b0846,2.68e-11
PP_1500,b2534,2.8000000000000002e-33
PP_1505,b3956,0.0
PP_1506,b0474,3.14e-96
PP_1507,b1807,1.51e-64
PP_1509,b1868,2.86e-62
PP_1513,b3497,2.33e-65
PP_1519,b0453,1.98e-17
PP_1520,b4041,0.0
PP_1522,b0623,5.46e-23
PP_1524,b1822,5.83e-67
PP_1525,b2472,1.9600000000000003e-161
PP_1527,b2812,2.67e-108
PP_1528,b1679,5.63e-24
PP_1529,b2810,5.82e-110
PP_1531,b2471,1.15e-32
PP_1532,b1140,7.099999999999999e-68
PP_1552,b4361,7.12e-30
PP_1585,b1477,3.07e-13
PP_1587,b4065,1.9499999999999999e-140
PP_1589,b0167,0.0
PP_1590,b0168,3.61e-127
PP_1591,b0169,3.8700000000000005e-124
PP_1592,b0170,3.6899999999999994e-104
PP_1593,b0171,2.1000000000000003e-117
PP_1594,b0172,1.53e-71
PP_1595,b0174,1.12e-92
PP_1596,b0175,6.48e-63
PP_1597,b0173,7.42e-143
PP_1598,b0176,9.95e-130
PP_1599,b0177,0.0
PP_1601,b0179,4.2599999999999997e-113
PP_1602,b0180,4.23e-55
PP_1603,b0181,7.6499999999999995e-90
PP_1604,b0182,1.1700000000000002e-132
PP_1605,b0183,1.01e-91
PP_1606,b0184,0.0
PP_1607,b0185,7.639999999999999e-159
PP_1608,b0188,1.12e-68
PP_1610,b2780,0.0
PP_1612,b2779,0.0
PP_1613,b2748,1.11e-15
PP_1614,b2747,1.54e-65
PP_1615,b3060,2.02e-51
PP_1616,b0356,0.0
PP_1617,b2154,1.05e-119
PP_1618,b2746,3.17e-72
PP_1619,b2745,2.7800000000000002e-58
PP_1620,b2744,2.2e-76
PP_1621,b2743,1.39e-64
PP_1622,b2742,3.8900000000000003e-59
PP_1623,b2741,1.5799999999999998e-150
PP_1626,b2733,0.0
PP_1628,b2700,1.2699999999999999e-45
PP_1629,b2699,0.0
PP_1630,b2698,2.4700000000000002e-21
PP_1634,b2583,3.5000000000000004e-73
PP_1637,b2157,4.63e-80
PP_1639,b2944,5.21e-25
PP_1640,b2135,3.24e-66
PP_1641,b1344,3.23e-143
PP_1644,b1004,7.39e-36
PP_1645,b2495,1.51e-41
PP_1649,b1380,4.1800000000000006e-123
PP_1650,b2786,5.279999999999999e-180
PP_1654,b2421,7.6299999999999995e-149
PP_1655,b2785,2.23e-101
PP_1656,b2784,0.0
PP_1657,b2781,2.75e-96
PP_1658,b0354,4.25e-34
PP_1664,b2500,1.58e-91
PP_1665,b2499,5.41e-175
PP_1668,b2496,1.6200000000000003e-64
PP_1669,b2175,8.810000000000001e-32
PP_1672,b1270,4.62e-60
PP_1678,b1993,3.16e-32
PP_1679,b1991,5.1000000000000006e-73
PP_1680,b0638,1.29e-20
PP_1689,b2344,7.7e-46
PP_1694,b3832,4.0500000000000004e-103
PP_1696,b1534,2.0599999999999997e-52
PP_1697,b0730,5.17e-26
PP_1701,b4148,2.95e-42
PP_1702,b0393,2.29e-94
PP_1703,b2764,2.0200000000000003e-124
PP_1705,b3365,0.0
PP_1706,b3366,9.68e-21
PP_1711,b3954,2.81e-13
PP_1713,b1422,1.7e-61
PP_1719,b1830,5.339999999999999e-168
PP_1722,b1126,4.41e-96
PP_1727,b3872,1.02e-36
PP_1728,b0808,2.23e-32
PP_1731,b0058,2.41e-72
PP_1732,b1174,1.6e-25
PP_1733,b1175,2.23e-152
PP_1734,b1176,1.72e-44
PP_1735,b1054,4.51e-100
PP_1742,b4068,2.58e-40
PP_1743,b4067,0.0
PP_1750,b0674,4.85e-34
PP_1751,b2324,3.52e-153
PP_1753,b3184,8.32e-69
PP_1755,b1611,0.0
PP_1757,b0435,1.09e-24
PP_1758,b1055,6.06e-40
PP_1761,b2067,1.7500000000000002e-73
PP_1763,b1271,5.92e-75
PP_1765,b2232,1.24e-109
PP_1767,b2231,0.0
PP_1768,b0907,5.65e-149
PP_1769,b2599,3.7399999999999996e-48
PP_1770,b0908,5.05e-34
PP_1771,b0910,1.53e-92
PP_1772,b0911,0.0
PP_1773,b0912,5.550000000000001e-47
PP_1777,b2048,0.0
PP_1782,b2038,1.03e-70
PP_1783,b2039,3.8100000000000004e-163
PP_1784,b2040,9.26e-117
PP_1785,b3788,1.28e-162
PP_1791,b0352,1.31e-11
PP_1799,b2053,1.27e-126
PP_1807,b1215,1.4299999999999998e-150
PP_1811,b3786,8.16e-177
PP_1813,b0442,2.14e-18
PP_1815,b1281,4.39e-85
PP_1820,b1433,6.23e-111
PP_1824,b1340,2.45e-20
PP_1827,b2330,3.22e-115
PP_1830,b2329,0.0
PP_1831,b2536,2.62e-31
PP_1836,b3040,1.28e-17
PP_1844,b3018,7.58e-54
PP_1852,b4249,4.49e-77
PP_1858,b2171,2.9500000000000003e-27
PP_1863,b2289,3.67e-44
PP_1868,b3162,1.9799999999999998e-146
PP_1869,b3039,6.75e-54
PP_1871,b1829,2.22e-90
PP_1872,b2290,0.0
PP_1873,b1778,1.76e-48
PP_1877,b1832,3.2099999999999997e-55
PP_1880,b2647,6.15e-63
PP_1889,b4317,2.67e-143
PP_1890,b0140,1.89e-41
PP_1891,b4315,7.01e-17
PP_1893,b0221,0.0
PP_1894,b0838,8.770000000000001e-57
PP_1895,b0127,4.95e-143
PP_1896,b0128,3.82e-111
PP_1897,b0913,1.14e-53
PP_1900,b0915,1.9800000000000002e-86
PP_1901,b0917,2.64e-20
PP_1902,b0918,1.03e-97
PP_1903,b0982,2.68e-15
PP_1904,b3972,8.01e-86
PP_1906,b1086,7.030000000000001e-124
PP_1909,b1087,8.039999999999999e-61
PP_1910,b1088,2.67e-22
PP_1911,b1089,1.14e-22
PP_1912,b1090,2.52e-96
PP_1913,b1092,1.43e-124
PP_1914,b1093,6.600000000000001e-109
PP_1915,b1094,3.12e-44
PP_1916,b1095,0.0
PP_1917,b1096,5.62e-42
PP_1918,b1097,1.91e-70
PP_1929,b3502,0.0
PP_1954,b2430,2.73e-14
PP_1966,b1099,3.41e-32
PP_1967,b1100,1.7500000000000002e-85
PP_1974,b0779,0.0
PP_1977,b2400,1.04e-97
PP_1981,b2140,3.67e-85
PP_1982,b3686,6.07e-41
PP_1985,b0072,0.0
PP_1986,b0071,1.14e-90
PP_1987,b0210,1.32e-74
PP_1988,b0073,8.31e-137
PP_1989,b3433,0.0
PP_1992,b2319,4.84e-67
PP_1994,b2318,2.22e-109
PP_1996,b2316,5.229999999999999e-140
PP_1997,b2315,2.39e-119
PP_1999,b2313,8.18e-35
PP_2000,b2312,0.0
PP_2008,b3081,0.0
PP_2010,b1974,4.44e-46
PP_2012,b2615,1.06e-94
PP_2014,b3424,4.19e-27
PP_2015,b1777,2.37e-12
PP_2017,b0932,0.0
PP_2021,b0767,3.5199999999999996e-24
PP_2024,b0397,2.83e-49
PP_2025,b0398,4.32e-52
PP_2037,b2800,1.83e-15
PP_2044,b3676,7.05e-20
PP_2045,b4083,0.0
PP_2052,b1727,3.63e-17
PP_2054,b0768,1.52e-114
PP_2055,b0769,1.25e-152
PP_2060,b4063,1.5200000000000001e-65
PP_2073,b4012,6.81e-32
PP_2077,b2838,4.09e-172
PP_2078,b2839,1.0599999999999999e-104
PP_2081,b1703,1.88e-92
PP_2082,b1702,0.0
PP_2084,b3929,7.9e-62
PP_2085,b1342,1.1399999999999999e-45
PP_2092,b1223,1.2e-14
PP_2095,b0945,1.0700000000000001e-129
PP_2096,b0948,0.0
PP_2098,b3182,7.75e-26
PP_2099,b2959,1.7599999999999997e-23
PP_2100,b2370,1.1300000000000001e-144
PP_2102,b0160,9.63e-43
PP_2105,b3098,3.69e-15
PP_2112,b1276,0.0
PP_2113,b2806,4.14e-115
PP_2116,b3470,1.29e-25
PP_2117,b2320,1.0799999999999999e-94
PP_2123,b0827,2.06e-94
PP_2125,b2086,5.6e-77
PP_2127,b3668,1.02e-17
PP_2129,b0947,5.87e-46
PP_2130,b4392,1.7799999999999998e-91
PP_2131,b0949,0.0
PP_2136,b3846,0.0
PP_2137,b3845,0.0
PP_2139,b1274,0.0
PP_2143,b4043,4.39e-91
PP_2145,b1107,4.19e-99
PP_2148,b1114,0.0
PP_2150,b2214,2.75e-60
PP_2151,b3962,0.0
PP_2152,b3449,8.95e-25
PP_2155,b1117,1.38e-88
PP_2156,b1118,1.76e-81
PP_2160,b2794,2.66e-94
PP_2163,b2346,6.63e-34
PP_2165,b1235,1.37e-23
PP_2168,b0008,2.89e-131
PP_2169,b4049,3.48e-137
PP_2173,b3023,8.569999999999999e-42
PP_2185,b4079,5.92e-158
PP_2187,b1333,2.7900000000000003e-37
PP_2196,b2937,7.89e-101
PP_2198,b0837,3.18e-153
PP_2202,b2689,4.9799999999999996e-23
PP_2205,b0123,1.06e-22
PP_2206,b2081,0.0
PP_2216,b1695,9.27e-56
PP_2232,b1434,1.84e-16
PP_2239,b0813,1.23e-113
PP_2240,b1496,2.7299999999999997e-84
PP_2242,b0584,0.0
PP_2263,b1312,1.99e-23
PP_2265,b0529,5.41e-141
PP_2297,b0537,4.05e-13
PP_2299,b0436,1.21e-151
PP_2300,b0437,1.74e-118
PP_2301,b0438,0.0
PP_2302,b0439,0.0
PP_2303,b0440,3.7899999999999996e-46
PP_2304,b0441,2.4399999999999997e-68
PP_2305,b1234,2.2799999999999997e-52
PP_2311,b4483,3.2000000000000002e-87
PP_2315,b3406,1.22e-85
PP_2316,b0496,6.78e-125
PP_2317,b0495,1.15e-82
PP_2318,b0494,7.319999999999999e-54
PP_2320,b1678,7.379999999999999e-61
PP_2324,b2601,1.87e-153
PP_2327,b1275,2.6900000000000002e-160
PP_2328,b2762,3.96e-21
PP_2329,b1812,1.81e-125
PP_2334,b0331,6.32e-166
PP_2335,b0333,1.97e-148
PP_2338,b0334,0.0
PP_2339,b0118,0.0
PP_2341,b2765,5.3999999999999997e-67
PP_2350,b4480,4.25e-23
PP_2351,b0335,1.43e-177
PP_2367,b1657,7.64e-167
PP_2368,b0207,1.47e-131
PP_2371,b2763,2.17e-15
PP_2375,b4019,0.0
PP_2378,b3414,2.4399999999999998e-74
PP_2393,b0060,0.0
PP_2406,b1692,1.07e-36
PP_2424,b0147,5.36e-15
PP_2425,b3010,3.3e-72
PP_2426,b0325,3.2700000000000003e-122
PP_2428,b1528,1.2899999999999999e-126
PP_2432,b0578,4.0799999999999997e-82
PP_2436,b0076,4.22e-41
PP_2438,b3088,9.12e-88
PP_2439,b0605,3.16e-102
PP_2440,b0606,0.0
PP_2442,b1067,4.91e-38
PP_2443,b3089,0.0
PP_2444,b0020,3e-70
PP_2448,b1301,0.0
PP_2453,b2957,1.22e-94
PP_2454,b3751,2.54e-38
PP_2455,b4087,1.58e-114
PP_2456,b3750,3.4200000000000002e-49
PP_2457,b1658,2.37e-87
PP_2458,b3752,1.14e-57
PP_2459,b3748,8.83e-38
PP_2460,b0651,1.52e-66
PP_2463,b3556,1.0799999999999999e-24
PP_2465,b1719,0.0
PP_2466,b1718,4.72e-71
PP_2467,b1717,1.87e-14
PP_2468,b1716,3.25e-54
PP_2469,b1714,8.92e-164
PP_2470,b1713,0.0
PP_2471,b1712,1.9e-53
PP_2475,b1649,4e-55
PP_2476,b1449,0.0
PP_2490,b0851,2.22e-36
PP_2492,b3011,3.57e-172
PP_2512,b2153,2.35e-36
PP_2518,b0348,4.02e-12
PP_2524,b1962,1.85e-50
PP_2545,b1519,3.49e-70
PP_2548,b2240,1.51e-33
PP_2564,b3439,5.2e-67
PP_2577,b0951,1.47e-76
PP_2579,b3955,0.0
PP_2592,b0151,2.54e-59
PP_2601,b4018,1.02e-26
PP_2602,b4280,6.78e-15
PP_2615,b3442,6.07e-15
PP_2632,b3538,1.9399999999999998e-159
PP_2635,b3533,0.0
PP_2636,b3532,0.0
PP_2637,b3531,3.28e-121
PP_2638,b3530,0.0
PP_2645,b4242,0.0
PP_2647,b3662,8.52e-55
PP_2656,b3728,3.17e-70
PP_2657,b3727,9.119999999999999e-54
PP_2658,b3726,3.02e-62
PP_2671,b2469,2.06e-19
PP_2682,b3589,1.23e-84
PP_2704,b1338,9.36e-26
PP_2718,b3501,4.8900000000000005e-32
PP_2723,b3003,5.83e-91
PP_2725,b3153,2.16e-32
PP_2726,b0906,1.27e-69
PP_2734,b1661,1.18e-56
PP_2759,b3749,3.6800000000000003e-122
PP_2790,b0330,9.86e-83
PP_2837,b4356,3.36e-109
PP_2852,b4359,1.81e-13
PP_2860,b0751,1.62e-15
PP_2862,b3057,4.780000000000001e-72
PP_2872,b1533,5.97e-86
PP_2873,b0866,5.8e-29
PP_2876,b4150,8.979999999999999e-93
PP_2877,b2410,7.66e-117
PP_2890,b1749,4.42e-137
PP_2892,b4220,1.18e-101
PP_2893,b4221,1e-112
PP_2902,b0524,2e-73
PP_2903,b0525,5.13e-75
PP_2904,b0680,0.0
PP_2905,b0526,0.0
PP_2908,b2664,3.12e-88
PP_2909,b2659,4.28e-165
PP_2910,b2660,0.0
PP_2911,b2663,0.0
PP_2913,b0369,0.0
PP_2914,b4111,0.0
PP_2916,b1662,3.0500000000000003e-56
PP_2920,b0713,9.129999999999999e-48
PP_2922,b0712,1.9000000000000002e-57
PP_2926,b2028,4.77e-39
PP_2931,b3346,2.19e-13
PP_2933,b2989,2.71e-144
PP_2936,b0820,0.0
PP_2937,b1345,3.12e-12
PP_2939,b4539,6.36e-30
PP_2940,b2017,9.080000000000001e-21
PP_2941,b1931,7.56e-58
PP_2943,b3518,6.46e-79
PP_2945,b4003,3.65e-34
PP_2946,b0191,9.88e-55
PP_2951,b4135,2.85e-19
PP_2960,b0305,9.749999999999999e-23
PP_2968,b2106,7.09e-51
PP_2971,b3505,3.1799999999999997e-23
PP_2973,b4042,5.2e-34
PP_3016,b3624,6.4e-22
PP_3017,b1335,6.88e-35
PP_3020,b2734,2.06e-33
PP_3033,b1145,7.94e-25
PP_3069,b2000,3.73e-20
PP_3072,b2209,3.88e-60
PP_3073,b2842,1.24e-41
PP_3079,b3775,2.19e-30
PP_3081,b0545,9.11e-18
PP_3082,b0898,2.28e-38
PP_3090,b0957,6.61e-24
PP_3108,b3482,1.7699999999999999e-62
PP_3120,b1781,2.5000000000000003e-99
PP_3123,b2222,2.19e-68
PP_3124,b2223,3.82e-67
PP_3126,b2062,2.96e-17
PP_3128,b0981,2.83e-17
PP_3129,b0759,1.73e-76
PP_3136,b2058,2.0299999999999998e-23
PP_3138,b0877,1.01e-16
PP_3139,b2044,7.28e-26
PP_3141,b3794,1.33e-11
PP_3142,b2047,3.58e-86
PP_3144,b2797,2.66e-161
PP_3145,b1431,5.58e-53
PP_3149,b2437,3.4599999999999997e-28
PP_3151,b1525,0.0
PP_3152,b1526,2.9999999999999997e-146
PP_3161,b2538,2.4e-44
PP_3173,b1650,0.0
PP_3175,b2542,9.61e-29
PP_3177,b0162,4.6e-70
PP_3178,b3124,8.08e-108
PP_3187,b0336,2.02e-67
PP_3189,b0337,1.3100000000000001e-173
PP_3248,b2431,1.4600000000000002e-26
PP_3253,b0581,7.200000000000001e-22
PP_3263,b0788,1.2e-94
PP_3264,b0789,1.43e-146
PP_3269,b4518,3.69e-19
PP_3270,b1387,0.0
PP_3274,b1392,9.010000000000001e-121
PP_3275,b1391,5.17e-58
PP_3276,b1390,4.51e-88
PP_3277,b1389,4.06e-40
PP_3278,b1388,8.48e-164
PP_3279,b1398,0.0
PP_3280,b1397,0.0
PP_3281,b1396,4.01e-38
PP_3282,b1395,1.56e-140
PP_3283,b1394,3.18e-107
PP_3284,b1393,2.17e-91
PP_3285,b1400,1.82e-83
PP_3286,b1399,2.1600000000000002e-85
PP_3308,b0286,1.43e-65
PP_3309,b0285,2.06e-100
PP_3310,b0284,2.83e-140
PP_3341,b3481,1.49e-29
PP_3342,b3476,0.0
PP_3343,b3477,1.62e-141
PP_3344,b3478,1.89e-107
PP_3345,b3479,3.99e-77
PP_3346,b3480,3.8600000000000004e-77
PP_3349,b0353,4.829999999999999e-131
PP_3352,b1498,5.68e-23
PP_3370,b0419,3.66e-143
PP_3371,b3911,1.2e-40
PP_3372,b3912,3.76e-64
PP_3375,b2945,1.51e-80
PP_3376,b3553,7.8e-116
PP_3378,b1772,5.7900000000000005e-27
PP_3398,b1041,2.99e-12
PP_3400,b2212,4.82e-77
PP_3405,b2578,4.7499999999999994e-24
PP_3415,b3438,1.9799999999999998e-60
PP_3416,b4268,7.75e-39
PP_3417,b3415,1.82e-130
PP_3435,b1168,1.85e-80
PP_3437,b2063,3.2799999999999997e-170
PP_3446,b3772,0.0
PP_3448,b0569,0.0
PP_3450,b0568,2.19e-22
PP_3451,b0567,2e-33
PP_3454,b1608,5.68e-59
PP_3457,b3857,2.07e-25
PP_3461,b3800,4.37e-20
PP_3463,b1385,5.76e-144
PP_3472,b1037,9.28e-92
PP_3473,b1038,1.26e-20
PP_3474,b1039,3.79e-20
PP_3497,b1435,0.0
PP_3511,b3770,4e-34
PP_3516,b1384,7.48e-17
PP_3518,b0117,2.54e-74
PP_3530,b0515,9.579999999999999e-30
PP_3541,b3508,1.11e-26
PP_3544,b1439,7.7e-152
PP_3547,b2902,8.619999999999999e-95
PP_3548,b2686,4.669999999999999e-170
PP_3549,b2685,4.99e-109
PP_3550,b1530,1.97e-17
PP_3559,b2678,3.35e-69
PP_3577,b4293,2.07e-57
PP_3578,b0688,0.0
PP_3583,b2076,0.0
PP_3584,b2075,0.0
PP_3585,b2074,2.57e-122
PP_3587,b1324,1.41e-79
PP_3589,b2796,0.0
PP_3590,b4054,0.0
PP_3591,b0801,2.5299999999999997e-38
PP_3600,b2789,0.0
PP_3601,b3128,0.0
PP_3603,b4324,6.09e-23
PP_3620,b0905,0.0
PP_3631,b3055,5.54e-36
PP_3647,b1007,9.02e-14
PP_3661,b2158,2.6e-70
PP_3662,b2795,0.0
PP_3664,b2585,5.88e-125
PP_3668,b3942,0.0
PP_3715,b1325,1.69e-12
PP_3716,b2537,5.92e-48
PP_3720,b0046,3.48e-17
PP_3724,b2584,7.13e-43
PP_3728,b0993,9.830000000000001e-56
PP_3730,b4401,1.01e-62
PP_3737,b1803,1.11e-68
PP_3744,b2980,2.03e-102
PP_3745,b2979,0.0
PP_3746,b4468,4.3100000000000005e-163
PP_3747,b4467,0.0
PP_3748,b2977,1.12e-53
PP_3751,b0341,2.6e-75
PP_3766,b1651,1.43e-19
PP_3775,b1059,1.14e-32
PP_3794,b2134,2.39e-132
PP_3805,b0378,3.91e-153
PP_3811,b3521,9.99e-57
PP_3813,b3041,4.5e-68
PP_3819,b3500,2.41e-126
PP_3821,b1236,9.5e-67
PP_3828,b0763,5.96e-18
PP_3830,b0765,2.8e-74
PP_3837,b2543,2.2900000000000003e-47
PP_3839,b1478,0.0
PP_3859,b1153,3.11e-19
PP_3889,b2622,1.85e-17
PP_3891,b0549,1.09e-35
PP_3922,b1272,7.89e-107
PP_3928,b2107,3.74e-11
PP_3931,b2292,0.0
PP_3932,b1522,1.72e-66
PP_3941,b1011,2.03e-11
PP_3951,b2221,2.02e-62
PP_3959,b0155,5.31e-22
PP_3970,b0608,0.0
PP_3990,b0970,1.34e-69
PP_3992,b3654,1e-166
PP_3993,b3345,6.7e-31
PP_3994,b3344,1.15e-14
PP_3996,b0969,5.71e-32
PP_3997,b0800,7.62e-26
PP_3998,b3102,4.83e-126
PP_3999,b3368,1.61e-156
PP_4000,b0893,0.0
PP_4002,b0892,0.0
PP_4003,b0891,8.200000000000001e-26
PP_4004,b0890,0.0
PP_4005,b0885,5.99e-72
PP_4007,b0884,4.18e-44
PP_4008,b0882,0.0
PP_4009,b0881,4.95e-39
PP_4010,b0880,9.56e-30
PP_4011,b1136,0.0
PP_4013,b1134,2.95e-21
PP_4014,b1133,1.1900000000000002e-173
PP_4015,b1132,1.88e-46
PP_4016,b1131,0.0
PP_4017,b1128,1.8700000000000003e-80
PP_4019,b1763,5.13e-154
PP_4029,b3996,2.1499999999999998e-52
PP_4031,b1186,0.0
PP_4032,b4149,1.81e-35
PP_4033,b2268,1e-59
PP_4034,b0516,2.33e-55
PP_4036,b2873,2.0500000000000002e-103
PP_4038,b2147,7.43e-107
PP_4043,b2029,6.33e-49
PP_4050,b3429,1.35e-120
PP_4052,b3416,1.01e-99
PP_4055,b3431,0.0
PP_4056,b0790,2.08e-105
PP_4058,b3432,0.0
PP_4059,b4239,2.3400000000000002e-65
PP_4097,b1912,1.25e-67
PP_4098,b1913,0.0
PP_4099,b1914,3.08e-89
PP_4102,b1792,4.84e-36
PP_4107,b2808,1.81e-61
PP_4111,b3340,0.0
PP_4112,b1206,1.95e-38
PP_4116,b4015,0.0
PP_4119,b2288,6.1900000000000006e-58
PP_4120,b2287,2.51e-133
PP_4121,b2286,0.0
PP_4122,b2285,2.26e-86
PP_4123,b2284,0.0
PP_4124,b2283,0.0
PP_4125,b2282,2.21e-179
PP_4126,b2281,7.9099999999999995e-112
PP_4127,b2280,2.01e-69
PP_4128,b2279,6.400000000000001e-47
PP_4129,b2278,0.0
PP_4130,b2277,0.0
PP_4131,b2276,0.0
PP_4138,b3713,1.04e-34
PP_4140,b4117,0.0
PP_4141,b0215,4.26e-88
PP_4142,b0214,7.670000000000001e-64
PP_4143,b0213,4.7e-15
PP_4144,b0212,1.09e-65
PP_4145,b0211,1.62e-98
PP_4147,b2177,1.03e-152
PP_4148,b2178,1.3000000000000002e-163
PP_4149,b2179,4.98e-163
PP_4150,b2180,0.0
PP_4157,b0694,1.2e-76
PP_4158,b0695,9.04e-159
PP_4159,b0696,3.4499999999999995e-48
PP_4160,b0697,0.0
PP_4161,b0698,0.0
PP_4162,b1688,8.84e-59
PP_4167,b2340,1.53e-20
PP_4169,b3608,3.38e-69
PP_4174,b0954,6.16e-82
PP_4175,b2323,0.0
PP_4179,b0473,0.0
PP_4184,b0401,0.0
PP_4185,b0729,0.0
PP_4186,b0728,0.0
PP_4187,b0116,7.7e-113
PP_4188,b0727,5.99e-165
PP_4189,b0726,0.0
PP_4190,b0724,2.33e-122
PP_4191,b0723,0.0
PP_4192,b0722,8.52e-22
PP_4193,b0721,1.48e-46
PP_4194,b0720,0.0
PP_4195,b4502,9.37e-26
PP_4201,b0042,1.05e-28
PP_4203,b1699,3.6499999999999998e-25
PP_4204,b3021,8.62e-43
PP_4205,b3022,1.2800000000000001e-37
PP_4209,b0878,5.51e-65
PP_4210,b0879,3.73e-178
PP_4216,b2211,8.859999999999999e-95
PP_4217,b1102,1.1800000000000001e-125
PP_4218,b0476,4.94e-25
PP_4219,b0586,1.2100000000000002e-124
PP_4224,b3026,1.09e-49
PP_4225,b3025,4.0400000000000004e-70
PP_4231,b0283,1.05e-12
PP_4235,b4136,6.52e-115
PP_4237,b0604,3.07e-79
PP_4248,b0391,1.6e-31
PP_4264,b3867,7.56e-161
PP_4265,b1334,9.75e-91
PP_4266,b0469,5.900000000000001e-47
PP_4267,b0472,8.39e-92
PP_4268,b0471,5.31e-50
PP_4274,b2411,0.0
PP_4275,b2412,8.91e-24
PP_4278,b2867,2.43e-26
PP_4279,b2866,2.88e-62
PP_4280,b2875,2.53e-25
PP_4281,b2883,1.12e-180
PP_4282,b0875,2.08e-99
PP_4285,b1970,4.27e-22
PP_4288,b0505,4.27e-53
PP_4290,b2888,1.59e-137
PP_4294,b1958,1.89e-131
PP_4297,b0507,0.0
PP_4298,b0508,4.12e-102
PP_4299,b0509,4.5500000000000005e-133
PP_4301,b1676,4.44e-98
PP_4309,b0511,4.91e-57
PP_4315,b1464,2.38e-22
PP_4320,b4076,2.19e-11
PP_4321,b2195,1.45e-62
PP_4322,b2196,0.0
PP_4323,b2197,2.76e-44
PP_4325,b2199,1.05e-83
PP_4326,b2200,1.2400000000000001e-56
PP_4327,b2201,8.120000000000001e-57
PP_4332,b1887,3.02e-28
PP_4337,b1883,7.16e-73
PP_4338,b1888,9.909999999999999e-95
PP_4339,b1881,2.11e-27
PP_4340,b1882,3.6e-55
PP_4341,b1922,9.58e-68
PP_4344,b1879,0.0
PP_4345,b1540,9.36e-14
PP_4346,b0381,1.0000000000000001e-79
PP_4352,b1880,1.76e-88
PP_4353,b1950,4.2599999999999994e-42
PP_4354,b1949,2.16e-17
PP_4355,b1948,1.1399999999999999e-94
PP_4357,b1946,1.9600000000000001e-35
PP_4358,b1945,1.77e-84
PP_4365,b1942,1.65e-12
PP_4366,b1941,1.25e-169
PP_4368,b1939,5.9799999999999996e-95
PP_4369,b1938,3.8000000000000005e-99
PP_4370,b1937,1.19e-17
PP_4371,b2220,1.77e-117
PP_4375,b1925,1.68e-18
PP_4376,b1924,1.83e-39
PP_4378,b1923,5.44e-41
PP_4379,b1091,2.6300000000000002e-27
PP_4380,b1083,8.87e-25
PP_4381,b1082,1.67e-56
PP_4382,b1081,2.78e-37
PP_4383,b1080,5.16e-107
PP_4384,b1079,9.55e-34
PP_4385,b1078,1.28e-102
PP_4386,b1077,2.16e-53
PP_4388,b1076,1.17e-80
PP_4389,b1075,2.18e-27
PP_4390,b1074,3.09e-38
PP_4391,b1073,3.73e-32
PP_4392,b1884,7.140000000000001e-37
PP_4405,b1341,1.64e-30
PP_4430,b3117,1.76e-48
PP_4435,b1809,3.56e-32
PP_4445,b2089,1.5e-49
PP_4453,b0829,0.0
PP_4455,b0831,1.3299999999999999e-89
PP_4469,b4094,1.9199999999999998e-45
PP_4472,b2696,4.1e-28
PP_4473,b0002,1.15e-41
PP_4474,b2697,0.0
PP_4475,b1744,1.62e-66
PP_4477,b1745,0.0
PP_4478,b1746,0.0
PP_4479,b1747,1.55e-116
PP_4481,b3359,0.0
PP_4483,b2306,3.76e-122
PP_4484,b2307,3.93e-62
PP_4485,b2308,2.06e-76
PP_4486,b2310,4.76e-76
PP_4487,b4069,0.0
PP_4489,b1323,1.08e-143
PP_4492,b3473,2.4799999999999997e-115
PP_4493,b1687,0.0
PP_4496,b1269,4.6499999999999997e-94
PP_4499,b1267,3.08e-90
PP_4500,b1266,1.15e-50
PP_4501,b1254,3.25e-50
PP_4502,b1251,1.1500000000000002e-47
PP_4506,b1765,9.12e-49
PP_4507,b3849,1.52e-74
PP_4515,b1642,1.8500000000000002e-29
PP_4516,b3822,0.0
PP_4518,b0468,4.7400000000000004e-26
PP_4521,b3072,2.41e-78
PP_4526,b4332,2.2e-24
PP_4532,b2576,1.31e-85
PP_4533,b0577,1.45e-115
PP_4537,b3827,2.44e-84
PP_4538,b1412,1.04e-63
PP_4539,b1659,1.05e-25
PP_4541,b3363,9.05e-76
PP_4546,b1413,0.0
PP_4549,b1805,0.0
PP_4565,b4016,1.4400000000000001e-167
PP_4571,b2414,2.7000000000000003e-157
PP_4576,b0711,3.47e-38
PP_4578,b3224,3.46e-36
PP_4581,b0223,5.08e-106
PP_4583,b1845,4.42e-160
PP_4584,b0410,1.95e-41
PP_4587,b1181,1.4799999999999999e-53
PP_4589,b1033,5.41e-29
PP_4590,b1179,2.25e-18
PP_4591,b1804,5.14e-73
PP_4594,b3939,1.12e-92
PP_4595,b0447,4.8e-65
PP_4597,b0781,2.2000000000000003e-59
PP_4598,b1520,8.97e-66
PP_4600,b0782,1.3099999999999999e-68
PP_4605,b4396,2.78e-16
PP_4613,b4291,0.0
PP_4618,b1214,3.76e-13
PP_4628,b2790,1.9699999999999999e-28
PP_4630,b2127,7.42e-22
PP_4632,b1606,4.52e-51
PP_4636,b2844,0.0
PP_4637,b3829,8.979999999999999e-54
PP_4639,b4352,3.64e-104
PP_4640,b4512,2.22e-33
PP_4641,b4354,0.0
PP_4644,b4389,0.0
PP_4645,b3291,1.66e-62
PP_4646,b3924,9.66e-59
PP_4647,b1916,1.39e-34
PP_4648,b3084,5.62e-95
PP_4650,b0734,4.3200000000000003e-44
PP_4651,b0733,1.61e-81
PP_4652,b0591,1.64e-14
PP_4653,b3714,4.24e-153
PP_4654,b3965,3.7899999999999997e-128
PP_4657,b2475,4.44e-89
PP_4659,b3447,5.92e-141
PP_4660,b0208,9.28e-90
PP_4661,b3028,4.17e-92
PP_4669,b2605,1.0600000000000001e-33
PP_4670,b2604,5.790000000000001e-73
PP_4671,b2603,8.199999999999999e-23
PP_4672,b2819,1.59e-137
PP_4673,b2820,0.0
PP_4674,b2822,0.0
PP_4675,b1972,5.17e-27
PP_4676,b1971,5.67e-115
PP_4678,b3774,6.33e-48
PP_4679,b0078,2.36e-75
PP_4680,b0077,0.0
PP_4681,b2792,7.41e-11
PP_4683,b0149,6.68e-177
PP_4687,b4287,2.68e-51
PP_4688,b1711,2.5900000000000003e-56
PP_4691,b0146,1.97e-77
PP_4693,b0145,1.97e-66
PP_4694,b0144,1.29e-99
PP_4697,b0143,1.72e-131
PP_4698,b0142,1.26e-44
PP_4699,b0134,1.03e-111
PP_4700,b0133,8.35e-105
PP_4701,b4025,0.0
PP_4708,b3164,0.0
PP_4709,b3165,6.55e-41
PP_4710,b3166,1.28e-105
PP_4711,b3167,6.1500000000000005e-37
PP_4712,b3168,0.0
PP_4713,b3169,0.0
PP_4714,b3170,4.34e-47
PP_4715,b3919,1.2899999999999999e-82
PP_4716,b3176,0.0
PP_4717,b3177,5.01e-112
PP_4718,b3178,0.0
PP_4719,b3179,5.07e-93
PP_4720,b3180,5.66e-22
PP_4722,b3181,1.5900000000000002e-64
PP_4723,b0033,0.0
PP_4724,b0032,0.0
PP_4725,b0031,3.4500000000000004e-117
PP_4726,b0015,0.0
PP_4727,b0014,0.0
PP_4728,b2614,8.319999999999999e-45
PP_4729,b2616,8.36e-153
PP_4730,b0683,1.97e-53
PP_4731,b2617,8.14e-19
PP_4732,b2619,9.44e-44
PP_4733,b2620,1.8100000000000003e-64
PP_4734,b0113,7.600000000000001e-66
PP_4735,b2975,0.0
PP_4736,b3605,0.0
PP_4740,b4350,1.2600000000000002e-43
PP_4741,b4349,1.56e-43
PP_4757,b2787,0.0
PP_4758,b2246,2.36e-84
PP_4762,b0452,1.03e-100
PP_4767,b1959,1.57e-88
PP_4772,b0148,0.0
PP_4774,b3915,1.36e-89
PP_4778,b1135,5.3e-82
PP_4779,b1982,0.0
PP_4780,b4187,7.07e-139
PP_4782,b2103,4.66e-36
PP_4783,b3993,1.02e-15
PP_4784,b0154,0.0
PP_4787,b0660,8.52e-136
PP_4788,b0659,5.16e-49
PP_4789,b0658,4.4099999999999996e-89
PP_4790,b0657,9.11e-108
PP_4794,b0642,0.0
PP_4796,b0640,7.1e-50
PP_4799,b1192,3.96e-28
PP_4800,b0628,9.49e-151
PP_4801,b0630,4.3799999999999995e-82
PP_4803,b0839,1.97e-118
PP_4804,b0633,6.62e-25
PP_4805,b2701,6.24e-90
PP_4806,b0634,2.0900000000000003e-124
PP_4807,b0635,0.0
PP_4808,b0636,3.7e-66
PP_4809,b0637,4.1800000000000003e-29
PP_4810,b0639,3.27e-39
PP_4811,b0243,2.06e-121
PP_4813,b0065,6.69e-30
PP_4815,b2142,1.7699999999999998e-41
PP_4818,b3259,1.99e-106
PP_4820,b3260,6.64e-142
PP_4821,b3261,1.67e-30
PP_4822,b4006,0.0
PP_4823,b4005,0.0
PP_4825,b1242,1.09e-20
PP_4834,b0489,1.64e-73
PP_4840,b4208,0.0
PP_4846,b1448,4.03e-75
PP_4847,b0999,1.0300000000000001e-22
PP_4848,b1000,1.55e-118
PP_4849,b2069,5.92e-51
PP_4851,b0384,6.57e-23
PP_4855,b1739,1.04e-17
PP_4857,b3524,0.0
PP_4859,b3963,1.27e-34
PP_4862,b1539,5.29e-91
PP_4868,b0931,1.39e-142
PP_4869,b1740,2.48e-79
PP_4872,b4469,0.0
PP_4873,b4052,0.0
PP_4874,b4203,9.47e-58
PP_4876,b4202,1.52e-41
PP_4877,b4200,1.9499999999999998e-54
PP_4879,b4180,2.79e-99
PP_4880,b4179,0.0
PP_4889,b4177,0.0
PP_4891,b4175,1.82e-72
PP_4892,b4174,5.25e-89
PP_4893,b4173,6.43e-174
PP_4894,b4172,1.93e-41
PP_4895,b4171,1.21e-133
PP_4896,b4170,6.13e-148
PP_4897,b2817,1.91e-93
PP_4898,b4168,8.04e-58
PP_4899,b4167,1.88e-64
PP_4900,b4166,5.61e-146
PP_4901,b3646,1.45e-76
PP_4902,b4162,2.01e-91
PP_4903,b4161,1.25e-101
PP_4904,b1889,7.8e-75
PP_4905,b1890,1.4200000000000001e-75
PP_4908,b4160,1.9500000000000001e-100
PP_4909,b4388,1.15e-64
PP_4912,b3019,0.0
PP_4915,b3030,0.0
PP_4916,b3031,8.35e-38
PP_4917,b3032,2.39e-60
PP_4918,b3033,9.99e-24
PP_4919,b3034,4.5599999999999996e-62
PP_4922,b3994,0.0
PP_4923,b3035,2.02e-75
PP_4928,b3633,4.7e-144
PP_4930,b0543,2.2e-30
PP_4934,b3052,0.0
PP_4935,b0914,4.22e-156
PP_4945,b3499,5.68e-87
PP_4946,b1015,0.0
PP_4947,b1014,0.0
PP_4951,b3754,4.24e-148
PP_4952,b1343,3.23e-168
PP_4953,b3492,2.12e-154
PP_4954,b0960,2.5100000000000003e-163
PP_4956,b2267,2.13e-46
PP_4958,b3085,3.2100000000000004e-73
PP_4960,b3137,2.5100000000000002e-49
PP_4963,b2926,0.0
PP_4964,b2927,3.7899999999999997e-128
PP_4965,b2935,0.0
PP_4967,b2942,0.0
PP_4968,b3647,4.24e-141
PP_4969,b3097,1.98e-17
PP_4971,b2813,6.3e-38
PP_4977,b3941,4.740000000000001e-72
PP_4980,b0797,4.59e-162
PP_4981,b1056,5.1e-77
PP_4982,b1057,8.74e-72
PP_4984,b0774,3.89e-100
PP_4985,b2946,1.1699999999999998e-67
PP_4986,b2899,6.62e-46
PP_4993,b2947,5.85e-152
PP_4995,b2948,1.7899999999999998e-48
PP_4996,b2949,1.2800000000000002e-47
PP_4998,b4245,2.6799999999999996e-42
PP_5000,b3932,7.53e-96
PP_5001,b3931,0.0
PP_5011,b3833,1.77e-133
PP_5013,b3835,0.0
PP_5014,b2026,5.860000000000001e-21
PP_5018,b3839,7.72e-107
PP_5020,b1421,1.0399999999999999e-45
PP_5021,b4355,1.3499999999999998e-42
PP_5023,b0810,1.1e-49
PP_5025,b1049,0.0
PP_5026,b1048,0.0
PP_5027,b3887,1.01e-54
PP_5031,b0402,0.0
PP_5034,b1742,7.3e-14
PP_5040,b4232,3.7000000000000003e-88
PP_5041,b3428,0.0
PP_5044,b3871,0.0
PP_5045,b0423,8.6e-175
PP_5046,b3870,0.0
PP_5047,b3869,5.72e-101
PP_5048,b3868,0.0
PP_5052,b3606,6.99e-69
PP_5053,b3609,3.43e-57
PP_5054,b3610,7.210000000000001e-32
PP_5055,b3611,3.4899999999999998e-25
PP_5056,b3612,0.0
PP_5057,b3613,8.77e-50
PP_5059,b3614,1.93e-48
PP_5063,b0312,0.0
PP_5064,b0311,0.0
PP_5066,b1191,0.0
PP_5067,b0465,0.0
PP_5068,b1706,1.42e-149
PP_5069,b2582,1.08e-42
PP_5071,b1595,1.42e-94
PP_5072,b1596,2.1500000000000002e-169
PP_5073,b3024,1.66e-16
PP_5074,b3997,0.0
PP_5075,b3213,0.0
PP_5076,b3212,0.0
PP_5078,b3389,3.35e-137
PP_5079,b3390,1.2400000000000001e-56
PP_5080,b3391,1.7499999999999999e-74
PP_5084,b3396,0.0
PP_5085,b2463,6.2e-164
PP_5087,b3936,4.24e-26
PP_5088,b3935,0.0
PP_5089,b1876,0.0
PP_5092,b0227,2.2e-40
PP_5093,b2950,3.67e-84
PP_5094,b2951,1.1199999999999999e-82
PP_5095,b0386,4.68e-44
PP_5096,b2952,5.570000000000001e-31
PP_5100,b2954,2.22e-65
PP_5101,b2955,2.75e-150
PP_5103,b2960,1.8e-101
PP_5104,b3991,3.06e-62
PP_5106,b2807,1.4500000000000002e-21
PP_5107,b3208,2.05e-75
PP_5108,b3461,3.2400000000000003e-125
PP_5109,b3462,2.14e-56
PP_5110,b3463,2.26e-85
PP_5111,b3464,4.32e-149
PP_5114,b3465,7.89e-58
PP_5115,b1494,1.86e-23
PP_5117,b3353,1.4199999999999999e-81
PP_5118,b2521,2.33e-34
PP_5123,b3634,4.969999999999999e-68
PP_5124,b2562,8.88e-30
PP_5125,b3635,1.21e-108
PP_5127,b0967,1.3499999999999999e-67
PP_5128,b3771,0.0
PP_5131,b1729,0.0
PP_5132,b0048,3.94e-41
PP_5139,b3469,1.7600000000000002e-129
PP_5140,b3292,3.97e-26
PP_5141,b2827,7.830000000000001e-63
PP_5142,b2828,5.52e-93
PP_5145,b2829,0.0
PP_5146,b2830,2.57e-78
PP_5150,b2914,2.2899999999999997e-95
PP_5151,b4333,4.2700000000000004e-47
PP_5153,b1180,2.6800000000000002e-73
PP_5155,b2913,0.0
PP_5163,b0459,5.949999999999999e-68
PP_5165,b3661,4.36e-60
PP_5168,b2422,7.24e-116
PP_5169,b2423,6.65e-99
PP_5170,b2424,1.03e-78
PP_5171,b3917,2.28e-141
PP_5177,b0857,5.3700000000000003e-107
PP_5178,b0856,2.2300000000000002e-122
PP_5179,b0855,1.89e-158
PP_5181,b0854,1.77e-154
PP_5185,b2818,1.9500000000000003e-161
PP_5186,b3957,6.6e-127
PP_5187,b3054,2.25e-30
PP_5192,b2903,0.0
PP_5193,b2904,8.57e-57
PP_5194,b2905,2.82e-140
PP_5197,b2906,8.46e-101
PP_5199,b2907,2.84e-85
PP_5200,b2908,1.6999999999999998e-138
PP_5201,b2909,3.62e-18
PP_5203,b2912,7.76e-41
PP_5206,b3487,1.21e-75
PP_5207,b3486,0.0
PP_5208,b3485,1.1399999999999999e-119
PP_5211,b1218,3.42e-30
PP_5212,b3844,3.28e-22
PP_5213,b3843,0.0
PP_5214,b3783,0.0
PP_5215,b3781,4.01e-57
PP_5216,b2502,8.16e-121
PP_5217,b2501,1.21e-133
PP_5218,b2136,7.549999999999999e-30
PP_5220,b3209,1.53e-85
PP_5221,b0387,4.0600000000000004e-32
PP_5222,b3806,1.1899999999999998e-146
PP_5223,b0610,2e-32
PP_5225,b3807,3.58e-21
PP_5228,b3809,1.3999999999999999e-114
PP_5229,b3810,2.73e-13
PP_5230,b3811,1.36e-92
PP_5231,b3812,8.03e-34
PP_5233,b0451,1.2e-131
PP_5234,b0450,2.09e-58
PP_5239,b3765,3.62e-171
PP_5246,b3350,2.92e-151
PP_5260,b1423,1.41e-175
PP_5262,b1663,1.1099999999999999e-54
PP_5264,b3778,0.0
PP_5268,b1299,7.24e-44
PP_5269,b1190,7.63e-109
PP_5270,b1189,0.0
PP_5271,b0889,6.13e-65
PP_5275,b4340,0.0
PP_5276,b1046,2.5399999999999998e-82
PP_5278,b1300,0.0
PP_5281,b3636,1.72e-26
PP_5282,b3637,1.2299999999999999e-40
PP_5284,b3638,1.25e-63
PP_5285,b3639,1.49e-143
PP_5286,b3640,4.35e-76
PP_5289,b3959,2.22e-27
PP_5291,b3642,3.14e-108
PP_5294,b3643,2.55e-110
PP_5295,b3644,2.1500000000000001e-88
PP_5296,b3648,1.7099999999999998e-92
PP_5298,b1298,8.430000000000001e-64
PP_5299,b1297,7.45e-135
PP_5301,b3649,1.54e-23
PP_5302,b3650,0.0
PP_5303,b3113,3.25e-32
PP_5306,b3006,2.79e-96
PP_5307,b3005,8.55e-62
PP_5309,b3961,6.3e-75
PP_5310,b3652,0.0
PP_5315,b2710,1.09e-14
PP_5317,b4039,1.03e-18
PP_5318,b4040,1.06e-96
PP_5320,b0399,5.7e-102
PP_5321,b0400,6.47e-96
PP_5322,b4218,4.32e-28
PP_5325,b3724,9.11e-75
PP_5326,b3725,5.9400000000000005e-118
PP_5331,b1253,6.04e-36
PP_5332,b1780,7.269999999999999e-45
PP_5335,b0522,2.2200000000000002e-66
PP_5336,b0523,7.58e-60
PP_5337,b4327,8.469999999999999e-60
PP_5338,b4139,3.3600000000000005e-179
PP_5352,b3813,0.0
PP_5355,b0478,1.85e-50
PP_5357,b1636,6.47e-117
PP_5359,b2173,2.3499999999999997e-42
PP_5364,b1249,7.18e-50
PP_5371,b2711,1.3499999999999999e-68
PP_5373,b1802,8.66e-38
PP_5383,b0571,5.7900000000000005e-105
PP_5384,b0570,1.74e-87
PP_5386,b0574,3.17e-89
PP_5387,b0575,0.0
PP_5388,b0573,2.75e-14
PP_5402,b1120,8.229999999999999e-42
PP_5409,b3729,0.0
PP_5410,b2707,2.99e-66
PP_5411,b3730,1.68e-176
PP_5412,b3731,9.549999999999999e-48
PP_5413,b3732,0.0
PP_5414,b3733,2.75e-148
PP_5415,b3734,0.0
PP_5416,b3735,3.19e-47
PP_5417,b3736,2.31e-56
PP_5418,b3737,1.88e-14
PP_5419,b3738,2.86e-86
PP_5490,b1158,3.06e-41
PP_5502,b0953,2.88e-16
PP_5706,b3175,1.23e-25
PP_5712,b2252,6.12e-17
PP_5719,b0313,7.28e-74
PP_5745,b0950,3.47e-54
PP_5748,b2194,5.28e-38
b0002,PP_4473,2.47e-41
b0004,PP_1471,3.21e-76
b0006,PP_1289,1.86e-125
b0007,PP_0496,3.37e-119
b0008,PP_2168,4.1299999999999997e-131
b0014,PP_4727,0.0
b0015,PP_4726,1.57e-176
b0019,PP_1132,3.1399999999999996e-128
b0020,PP_2444,4.2300000000000005e-70
b0023,PP_0600,9.32e-28
b0025,PP_0602,9.33e-105
b0026,PP_0603,0.0
b0027,PP_0604,1.82e-22
b0028,PP_0605,6.34e-35
b0029,PP_0606,3.94e-151
b0031,PP_4725,2.8400000000000002e-121
b0032,PP_4724,0.0
b0033,PP_4723,0.0
b0042,PP_4201,1.48e-28
b0046,PP_3720,3.62e-17
b0048,PP_5132,5.089999999999999e-41
b0049,PP_0399,5.01e-89
b0050,PP_0400,3.52e-42
b0051,PP_0401,1.03e-89
b0052,PP_0402,1.23e-137
b0053,PP_0403,4.86e-114
b0054,PP_0404,3.89e-94
b0055,PP_0407,5.8799999999999995e-24
b0058,PP_1731,3.48e-72
b0059,PP_1145,0.0
b0060,PP_2393,0.0
b0065,PP_4813,3.73e-25
b0071,PP_1986,1.49e-90
b0072,PP_1985,0.0
b0073,PP_1988,1.16e-136
b0074,PP_1025,2.73e-25
b0076,PP_2436,5.98e-41
b0077,PP_4680,0.0
b0078,PP_4679,3.28e-75
b0080,PP_0792,3e-87
b0081,PP_1328,1.96e-50
b0082,PP_1329,8.31e-117
b0084,PP_1331,6.39e-156
b0085,PP_1332,8.27e-127
b0086,PP_1333,2.13e-112
b0087,PP_1334,3.2e-162
b0088,PP_1335,6.97e-121
b0089,PP_1336,8.69e-92
b0090,PP_1337,1.8999999999999997e-89
b0091,PP_1338,0.0
b0092,PP_1339,1.55e-103
b0093,PP_1340,2.92e-29
b0094,PP_1341,4.5100000000000004e-145
b0095,PP_1342,3.18e-127
b0096,PP_1343,1.55e-132
b0098,PP_1345,0.0
b0099,PP_1348,3.41e-28
b0101,PP_0630,5.49e-20
b0103,PP_0631,5.02e-63
b0109,PP_0787,4.77e-101
b0110,PP_0789,1.33e-66
b0112,PP_0927,0.0
b0113,PP_4734,9.649999999999999e-67
b0114,PP_0339,0.0
b0115,PP_0338,4.3599999999999997e-150
b0116,PP_4187,1.06e-112
b0117,PP_3518,1.4600000000000001e-64
b0118,PP_2339,0.0
b0123,PP_2205,1.32e-22
b0124,PP_1444,0.0
b0125,PP_0747,2.31e-18
b0127,PP_1895,6.83e-143
b0128,PP_1896,5.25e-111
b0133,PP_4700,1.15e-104
b0134,PP_4699,1.43e-111
b0140,PP_1890,2.49e-41
b0142,PP_4698,4.470000000000001e-37
b0143,PP_4697,1.0599999999999999e-134
b0144,PP_4694,1.31e-95
b0145,PP_4693,2.79e-66
b0146,PP_4691,2.7e-77
b0147,PP_2424,7.25e-15
b0148,PP_4772,0.0
b0149,PP_4683,0.0
b0150,PP_0160,3.3e-160
b0151,PP_2592,2.27e-55
b0154,PP_4784,0.0
b0155,PP_3959,8.07e-22
b0156,PP_0433,1.02e-53
b0158,PP_0524,3.82e-20
b0160,PP_2102,1.5299999999999998e-42
b0161,PP_1430,1.42e-88
b0162,PP_3177,6.66e-63
b0167,PP_1589,0.0
b0168,PP_1590,5.1e-127
b0169,PP_1591,7.67e-124
b0170,PP_1592,2.2000000000000001e-100
b0171,PP_1593,2.84e-117
b0172,PP_1594,2.12e-71
b0173,PP_1597,3.8e-148
b0174,PP_1595,1.57e-92
b0175,PP_1596,5.0099999999999995e-61
b0176,PP_1598,1.9300000000000002e-133
b0177,PP_1599,0.0
b0179,PP_1601,5.75e-113
b0180,PP_1602,5.44e-55
b0181,PP_1603,1.08e-89
b0182,PP_1604,2.6e-136
b0183,PP_1605,1.34e-91
b0184,PP_1606,0.0
b0185,PP_1607,9.1e-153
b0188,PP_1608,2.42e-70
b0190,PP_1476,3.6999999999999996e-30
b0191,PP_2946,1.3999999999999998e-54
b0194,PP_1205,0.0
b0195,PP_1189,1.11e-60
b0197,PP_0112,3.28e-62
b0198,PP_0219,9.749999999999999e-55
b0199,PP_0114,9.23e-109
b0200,PP_0059,4.33e-31
b0207,PP_2368,2.04e-131
b0208,PP_4660,1.3199999999999998e-89
b0210,PP_1987,1.4899999999999999e-74
b0211,PP_4145,1.45e-97
b0212,PP_4144,4.37e-72
b0213,PP_4143,1.88e-12
b0214,PP_4142,1.12e-63
b0215,PP_4141,5.71e-88
b0219,PP_0859,2.17e-84
b0221,PP_1893,0.0
b0223,PP_4581,7e-106
b0224,PP_1451,3.26e-11
b0227,PP_5092,2.32e-40
b0231,PP_1203,3.84e-106
b0242,PP_0691,6.2e-91
b0243,PP_4811,7.15e-117
b0260,PP_0660,0.0
b0261,PP_0658,1.37e-16
b0273,PP_1000,3.45e-149
b0283,PP_4231,2.37e-16
b0284,PP_3310,2.4500000000000003e-129
b0285,PP_3309,2.7300000000000003e-100
b0286,PP_3308,1.64e-65
b0288,PP_0819,3.7599999999999994e-40
b0305,PP_2960,1.4100000000000001e-22
b0311,PP_5064,0.0
b0312,PP_5063,0.0
b0313,PP_5719,9.059999999999999e-74
b0314,PP_0229,0.0
b0325,PP_2426,8.43e-121
b0328,PP_0699,8.42e-20
b0330,PP_2790,1.1099999999999999e-82
b0331,PP_2334,8.79e-166
b0333,PP_2335,2.2999999999999997e-152
b0334,PP_2338,0.0
b0335,PP_2351,9.23e-179
b0336,PP_3187,2.11e-65
b0337,PP_3189,1.88e-173
b0339,PP_0100,4.05e-81
b0341,PP_3751,3.18e-76
b0348,PP_2518,4.18e-12
b0349,PP_0553,9.44e-21
b0352,PP_1791,1.05e-17
b0353,PP_3349,2.6e-116
b0354,PP_1658,5.91e-34
b0356,PP_1616,0.0
b0365,PP_0233,3.24e-126
b0366,PP_0232,8.73e-114
b0367,PP_0231,5.64e-110
b0368,PP_0230,1.6799999999999998e-126
b0369,PP_2913,1.02e-180
b0378,PP_3805,2.86e-154
b0381,PP_4346,2.44e-77
b0384,PP_4851,9.13e-23
b0385,PP_1155,2.25e-88
b0386,PP_5095,6.43e-44
b0387,PP_5221,5.3e-32
b0391,PP_4248,2.2200000000000002e-31
b0393,PP_1702,3.16e-94
b0397,PP_2024,2.92e-51
b0398,PP_2025,5.8299999999999996e-52
b0399,PP_5320,7.499999999999999e-102
b0400,PP_5321,1.12e-92
b0401,PP_4184,0.0
b0402,PP_5031,0.0
b0404,PP_0922,3.59e-39
b0405,PP_0832,5.95e-176
b0406,PP_0833,0.0
b0407,PP_0834,6.55e-26
b0408,PP_0835,0.0
b0409,PP_0836,3.9299999999999995e-90
b0410,PP_4584,9.21e-41
b0413,PP_0513,8.01e-74
b0414,PP_0514,1.3799999999999998e-128
b0415,PP_0517,2.1599999999999998e-61
b0416,PP_0518,1.24e-46
b0417,PP_0519,9.51e-76
b0418,PP_0520,1.8099999999999997e-48
b0419,PP_3370,4.98e-143
b0420,PP_0527,0.0
b0421,PP_0528,1.44e-78
b0422,PP_0529,2.78e-16
b0423,PP_5045,4.2e-178
b0425,PP_1351,2.9999999999999998e-40
b0426,PP_1352,2.7199999999999997e-48
b0427,PP_0484,6.5e-158
b0428,PP_0816,3.26e-138
b0429,PP_0815,2.35e-32
b0430,PP_0814,2.78e-90
b0431,PP_0813,0.0
b0432,PP_0812,8.61e-121
b0433,PP_1355,7.789999999999999e-30
b0435,PP_1757,1.63e-24
b0436,PP_2299,2.34e-151
b0437,PP_2300,2.36e-118
b0438,PP_2301,0.0
b0439,PP_2302,0.0
b0440,PP_2303,5.27e-46
b0441,PP_2304,3.3899999999999996e-68
b0442,PP_1813,3.26e-18
b0444,PP_1226,1.23e-43
b0447,PP_4595,6.18e-65
b0450,PP_5234,2.9000000000000003e-58
b0451,PP_5233,1.09e-111
b0452,PP_4762,8.83e-101
b0453,PP_1519,2.88e-17
b0454,PP_1356,8.47e-18
b0457,PP_0131,6.810000000000001e-73
b0459,PP_5163,8.049999999999999e-68
b0462,PP_1385,0.0
b0463,PP_1386,5.94e-135
b0464,PP_1387,3.37e-48
b0465,PP_5067,0.0
b0468,PP_4518,6.8e-26
b0469,PP_4266,8.240000000000001e-47
b0471,PP_4268,7.24e-50
b0472,PP_4267,1.1699999999999999e-91
b0473,PP_4179,0.0
b0474,PP_1506,4.33e-96
b0475,PP_0744,4.59e-65
b0476,PP_4218,7.34e-22
b0478,PP_5355,3.54e-52
b0479,PP_0701,6.02e-151
b0480,PP_1414,1.27e-26
b0481,PP_1077,7.159999999999999e-61
b0484,PP_0586,8.13e-176
b0487,PP_0585,1.1299999999999999e-41
b0489,PP_4834,2.45e-73
b0492,PP_0510,4.44e-53
b0493,PP_1274,4.78e-40
b0494,PP_2318,1.05e-53
b0495,PP_2317,1.5999999999999998e-82
b0496,PP_2316,1.65e-120
b0503,PP_0822,1.86e-106
b0505,PP_4288,5.68e-53
b0507,PP_4297,0.0
b0508,PP_4298,5.69e-102
b0509,PP_4299,6.220000000000001e-133
b0511,PP_4309,4.3500000000000005e-56
b0515,PP_3530,2.3100000000000002e-32
b0516,PP_4034,1.46e-53
b0521,PP_0999,2.14e-100
b0522,PP_5335,3.8699999999999997e-69
b0523,PP_5336,3.13e-72
b0524,PP_2902,2.7800000000000003e-73
b0525,PP_2903,7.04e-75
b0526,PP_2905,0.0
b0529,PP_2265,7.63e-141
b0535,PP_1090,2.4899999999999998e-45
b0537,PP_2297,6.05e-13
b0543,PP_4930,3.06e-30
b0544,PP_1118,1.0599999999999999e-48
b0545,PP_3081,1.47e-17
b0549,PP_3891,1.49e-35
b0567,PP_3451,2.94e-33
b0568,PP_3450,8.07e-24
b0569,PP_3448,0.0
b0570,PP_5384,4.19e-88
b0571,PP_5383,8.120000000000001e-105
b0572,PP_1384,1.27e-111
b0573,PP_5388,3.73e-14
b0574,PP_5386,7.02e-87
b0575,PP_5387,0.0
b0577,PP_4533,4.3e-108
b0578,PP_2432,5.679999999999999e-82
b0581,PP_3253,1.02e-17
b0583,PP_1183,1.1999999999999998e-23
b0584,PP_2242,0.0
b0586,PP_4219,2.2900000000000003e-133
b0591,PP_4652,5.31e-16
b0600,PP_0858,1.83e-150
b0604,PP_4237,5.0000000000000006e-79
b0605,PP_2439,4.39e-102
b0606,PP_2440,0.0
b0608,PP_3970,0.0
b0610,PP_5223,2.78e-32
b0623,PP_1522,7.59e-23
b0628,PP_4800,1.25e-150
b0630,PP_4801,6.01e-82
b0633,PP_4804,6.59e-25
b0634,PP_4806,3.1000000000000004e-122
b0635,PP_4807,0.0
b0636,PP_4808,4.63e-66
b0637,PP_4809,4.3800000000000004e-29
b0638,PP_1680,1.94e-20
b0639,PP_4810,4.21e-39
b0640,PP_4796,1.0899999999999999e-55
b0642,PP_4794,0.0
b0644,PP_0863,4.69e-16
b0651,PP_2460,2.0400000000000002e-66
b0652,PP_1068,1.21e-125
b0653,PP_1069,3.0999999999999998e-74
b0654,PP_1070,1.0599999999999999e-91
b0655,PP_1071,3.04e-113
b0657,PP_4790,1.6500000000000002e-103
b0658,PP_4789,1.01e-95
b0659,PP_4788,7.99e-47
b0660,PP_4787,1.73e-143
b0674,PP_1750,6.28e-34
b0680,PP_2904,0.0
b0683,PP_4730,3.02e-53
b0688,PP_3578,0.0
b0694,PP_4157,1.63e-76
b0695,PP_4158,1.07e-150
b0696,PP_4159,8.7e-50
b0697,PP_4160,0.0
b0698,PP_4161,0.0
b0707,PP_0741,4.65e-25
b0708,PP_0739,5.56e-130
b0710,PP_1302,3.48e-90
b0711,PP_4576,4.59e-38
b0712,PP_2922,2.53e-57
b0713,PP_2920,1.23e-47
b0720,PP_4194,0.0
b0721,PP_4193,1.51e-41
b0722,PP_4192,4.64e-26
b0723,PP_4191,0.0
b0724,PP_4190,3.2900000000000003e-122
b0726,PP_4189,0.0
b0727,PP_4188,8.09e-157
b0728,PP_4186,0.0
b0729,PP_4185,0.0
b0730,PP_1697,7.1e-26
b0733,PP_4651,2.4399999999999997e-81
b0734,PP_4650,6.8e-44
b0736,PP_1218,3.5500000000000004e-33
b0737,PP_1219,2.41e-84
b0740,PP_1222,3.4699999999999998e-112
b0741,PP_1223,3.15e-30
b0742,PP_1224,2.6199999999999998e-23
b0750,PP_1231,7.94e-174
b0751,PP_2860,1.44e-18
b0752,PP_0026,1.1000000000000001e-70
b0759,PP_3129,1.5399999999999998e-68
b0761,PP_0360,6.15e-36
b0763,PP_3828,8.44e-18
b0765,PP_3830,2.33e-84
b0767,PP_2021,4.31e-24
b0768,PP_2054,2.2599999999999998e-114
b0769,PP_2055,7.01e-145
b0774,PP_4984,1.89e-99
b0775,PP_0362,0.0
b0776,PP_0363,1.4299999999999999e-95
b0777,PP_0365,3.42e-39
b0778,PP_0366,5.67e-65
b0779,PP_1974,0.0
b0781,PP_4597,3.0200000000000002e-59
b0782,PP_4600,1.8099999999999998e-68
b0783,PP_1292,2.3800000000000002e-70
b0784,PP_1293,6.0700000000000005e-22
b0785,PP_1294,2.2e-51
b0788,PP_3263,2.6899999999999998e-95
b0789,PP_3264,2.83e-149
b0790,PP_4056,8.670000000000001e-100
b0797,PP_4980,6.75e-168
b0799,PP_1125,3.93e-97
b0800,PP_3997,1.02e-25
b0801,PP_3591,3.83e-38
b0804,PP_0862,6.32e-78
b0805,PP_0861,2.9000000000000002e-133
b0807,PP_0976,6.07e-114
b0808,PP_1728,6.88e-36
b0810,PP_5023,1.04e-49
b0813,PP_2239,7.25e-106
b0820,PP_2936,0.0
b0826,PP_0735,1.62e-85
b0827,PP_2123,9.079999999999999e-95
b0829,PP_4453,0.0
b0831,PP_4455,1.8099999999999997e-89
b0835,PP_1197,0.0
b0837,PP_2198,1.8599999999999999e-152
b0838,PP_1894,5.28e-60
b0839,PP_4803,2.8300000000000002e-118
b0842,PP_1354,3.43e-90
b0846,PP_1497,2.79e-11
b0851,PP_2490,3.84e-31
b0852,PP_0248,1.88e-143
b0854,PP_5181,1.42e-150
b0855,PP_5179,2.61e-158
b0856,PP_5178,2.4199999999999997e-126
b0857,PP_5177,1.73e-112
b0860,PP_0282,1.9899999999999998e-62
b0862,PP_0281,1.4599999999999998e-52
b0866,PP_2873,8.050000000000001e-21
b0867,PP_0130,1.9000000000000001e-59
b0868,PP_0918,2.41e-40
b0870,PP_0321,1.09e-12
b0872,PP_0316,5.1599999999999997e-39
b0875,PP_4282,1.75e-105
b0877,PP_3138,1.17e-16
b0878,PP_4209,2.56e-63
b0879,PP_4210,0.0
b0880,PP_4010,1.17e-28
b0881,PP_4009,6.07e-39
b0882,PP_4008,0.0
b0884,PP_4007,5.81e-44
b0885,PP_4005,8.62e-72
b0888,PP_0786,7.99e-174
b0889,PP_5271,8.630000000000001e-65
b0890,PP_4004,0.0
b0891,PP_4003,1.01e-25
b0892,PP_4002,0.0
b0893,PP_4000,0.0
b0897,PP_0711,1.77e-137
b0898,PP_3082,2.69e-36
b0905,PP_3620,0.0
b0906,PP_2726,1.77e-69
b0907,PP_1768,7.88e-149
b0908,PP_1770,1.91e-37
b0910,PP_1771,2.12e-92
b0911,PP_1772,0.0
b0912,PP_1773,7.260000000000001e-47
b0913,PP_1897,3.4599999999999994e-48
b0914,PP_4935,2.0099999999999998e-150
b0915,PP_1900,2.71e-86
b0917,PP_1901,3.61e-20
b0918,PP_1902,1.39e-97
b0921,PP_0578,9.64e-54
b0927,PP_0772,2.23e-44
b0931,PP_4868,9.64e-135
b0932,PP_2017,0.0
b0933,PP_0240,1.21e-118
b0934,PP_0239,5.67e-138
b0935,PP_0238,0.0
b0936,PP_0237,8.97e-90
b0937,PP_0236,5.510000000000001e-66
b0945,PP_2095,1.47e-129
b0947,PP_2129,1.13e-45
b0948,PP_2096,0.0
b0949,PP_2131,0.0
b0950,PP_5745,8.099999999999999e-54
b0951,PP_2577,2.04e-76
b0953,PP_5502,3.1e-16
b0954,PP_4174,8.62e-82
b0955,PP_0680,3.99e-77
b0957,PP_3090,3.83e-24
b0960,PP_4954,4.000000000000001e-164
b0967,PP_5127,1.87e-67
b0969,PP_3996,7.8e-32
b0970,PP_3990,1.83e-69
b0981,PP_3128,1.5e-17
b0982,PP_1903,5.87e-17
b0993,PP_3728,2.9e-55
b0999,PP_4847,1.43e-22
b1000,PP_4848,9.2e-105
b1004,PP_1644,1.0100000000000001e-35
b1007,PP_3647,1.28e-13
b1011,PP_3941,3.05e-11
b1013,PP_0594,5.04e-53
b1014,PP_4947,0.0
b1015,PP_4946,0.0
b1033,PP_4589,6.83e-29
b1037,PP_3472,1.27e-91
b1038,PP_3473,7.47e-28
b1039,PP_3474,6.84e-20
b1041,PP_3398,5.64e-12
b1046,PP_5276,8.87e-86
b1048,PP_5026,0.0
b1049,PP_5025,0.0
b1054,PP_1735,6.290000000000001e-88
b1055,PP_1758,9.499999999999999e-40
b1056,PP_4981,1.22e-72
b1057,PP_4982,1.25e-71
b1059,PP_3775,7.15e-29
b1062,PP_1086,2.81e-141
b1067,PP_2442,6.82e-38
b1069,PP_0601,0.0
b1073,PP_4391,5.260000000000001e-32
b1074,PP_4390,3.92e-38
b1075,PP_4389,4.67e-27
b1076,PP_4388,1.49e-80
b1077,PP_4386,3.06e-53
b1078,PP_4385,1.77e-102
b1079,PP_4384,2.66e-37
b1080,PP_4383,3.77e-121
b1081,PP_4382,3.1600000000000003e-37
b1082,PP_4381,1.87e-56
b1083,PP_4380,7.51e-25
b1086,PP_1906,9.800000000000001e-124
b1087,PP_1909,1.06e-60
b1088,PP_1910,1.47e-14
b1089,PP_1911,1.5e-22
b1090,PP_1912,1.87e-96
b1091,PP_4379,3.75e-27
b1092,PP_1913,9.88e-129
b1093,PP_1914,9.09e-109
b1094,PP_1915,4.34e-44
b1095,PP_1916,0.0
b1096,PP_1917,7.749999999999999e-42
b1097,PP_1918,1.07e-69
b1099,PP_1966,7.2e-38
b1100,PP_1967,2.4800000000000002e-85
b1102,PP_4217,2.18e-123
b1103,PP_0428,2.89e-35
b1107,PP_2145,1.1100000000000001e-97
b1109,PP_0626,9.37e-175
b1110,PP_0837,1.63e-64
b1114,PP_2148,0.0
b1117,PP_2155,1.92e-88
b1118,PP_2156,5.7e-90
b1120,PP_5402,1.06e-41
b1126,PP_1722,5.55e-96
b1128,PP_4017,2.48e-80
b1129,PP_1187,4.28e-62
b1130,PP_1186,4.57e-78
b1131,PP_4016,0.0
b1132,PP_4015,2.67e-46
b1133,PP_4014,2.4199999999999997e-180
b1134,PP_4013,4.3000000000000006e-21
b1135,PP_4778,7.61e-82
b1136,PP_4011,0.0
b1140,PP_1532,3.9800000000000003e-72
b1145,PP_3033,1.0199999999999999e-24
b1153,PP_3859,3.92e-19
b1158,PP_5490,4.17e-41
b1162,PP_0740,2.04e-26
b1168,PP_3435,2e-75
b1174,PP_1732,2.33e-25
b1175,PP_1733,3.1e-152
b1176,PP_1734,7.429999999999999e-40
b1179,PP_4590,3.13e-18
b1180,PP_5153,3.7e-73
b1181,PP_4587,2.11e-53
b1186,PP_4031,0.0
b1188,PP_0395,0.0
b1189,PP_5270,0.0
b1190,PP_5269,1.06e-108
b1191,PP_5066,0.0
b1192,PP_4799,5.36e-28
b1203,PP_0719,0.0
b1204,PP_0720,3.1e-68
b1206,PP_4112,1.7999999999999998e-42
b1207,PP_0722,5.850000000000001e-156
b1208,PP_0723,2.1e-92
b1209,PP_0724,1.49e-15
b1210,PP_0732,1.93e-146
b1211,PP_0733,0.0
b1212,PP_0734,9.99e-81
b1214,PP_4618,5.24e-13
b1215,PP_1807,2.0099999999999998e-150
b1218,PP_5211,5.9399999999999995e-30
b1222,PP_0409,6.51e-20
b1223,PP_2092,2.45e-13
b1232,PP_1367,2.5200000000000003e-72
b1233,PP_1119,6.53e-33
b1234,PP_2305,2.74e-52
b1235,PP_2165,5.99e-26
b1236,PP_3821,1.43e-66
b1242,PP_4825,1.64e-20
b1249,PP_5364,1.11e-49
b1251,PP_4502,1.43e-47
b1253,PP_5331,8.39e-36
b1254,PP_4501,4.11e-50
b1256,PP_0504,2.64e-54
b1260,PP_0082,3.48e-51
b1261,PP_0083,3.4e-154
b1262,PP_0422,2.75e-43
b1263,PP_0421,1.7300000000000001e-65
b1264,PP_0417,2.06e-78
b1266,PP_4500,1.63e-50
b1267,PP_4499,3.989999999999999e-90
b1269,PP_4496,5.29e-94
b1270,PP_1672,3.3100000000000004e-56
b1271,PP_1763,1.07e-68
b1272,PP_3922,7.940000000000001e-118
b1274,PP_2139,0.0
b1275,PP_2327,3.7300000000000004e-160
b1276,PP_2112,0.0
b1277,PP_0522,9.82e-87
b1281,PP_1815,2.06e-83
b1282,PP_0566,4.28e-25
b1285,PP_0672,4.09e-113
b1296,PP_1229,0.0
b1297,PP_5299,1.0599999999999999e-134
b1298,PP_5298,1.17e-63
b1299,PP_5268,1.02e-43
b1300,PP_5278,0.0
b1301,PP_2448,0.0
b1312,PP_2263,1.36e-25
b1323,PP_4489,1.19e-148
b1324,PP_3587,1.98e-79
b1325,PP_3715,1.33e-13
b1333,PP_2187,2.99e-35
b1334,PP_4265,1.39e-90
b1335,PP_3017,9.85e-35
b1338,PP_2704,5.9800000000000004e-27
b1340,PP_1824,3.43e-20
b1341,PP_4405,2.8099999999999998e-30
b1342,PP_2085,1.1999999999999999e-42
b1343,PP_4952,4.45e-168
b1344,PP_1641,5.1e-143
b1345,PP_2937,1.28e-11
b1380,PP_1649,5.5900000000000005e-123
b1384,PP_3516,9.84e-17
b1385,PP_3463,5.98e-142
b1387,PP_3270,0.0
b1388,PP_3278,1.1100000000000001e-163
b1389,PP_3277,5.76e-40
b1390,PP_3276,6.17e-88
b1391,PP_3275,6.7e-58
b1392,PP_3274,6.86e-119
b1393,PP_3284,2.22e-86
b1394,PP_3283,5.68e-118
b1395,PP_3282,2.28e-131
b1396,PP_3281,5.35e-38
b1397,PP_3280,0.0
b1398,PP_3279,0.0
b1399,PP_3286,3.0900000000000003e-85
b1400,PP_3285,2.5e-83
b1412,PP_4538,1.47e-63
b1413,PP_4546,0.0
b1421,PP_5020,1.3099999999999999e-42
b1422,PP_1713,2.35e-61
b1423,PP_5260,1.89e-175
b1431,PP_3145,2.35e-47
b1433,PP_1820,1.0400000000000001e-107
b1434,PP_2232,2.58e-16
b1435,PP_3497,0.0
b1439,PP_3544,1.6e-145
b1440,PP_1486,0.0
b1441,PP_1484,4.72e-156
b1442,PP_1483,5.849999999999999e-170
b1443,PP_1482,1.49e-154
b1444,PP_1481,0.0
b1448,PP_4846,5.63e-75
b1449,PP_2476,0.0
b1464,PP_4315,3.75e-22
b1477,PP_1585,4.06e-13
b1478,PP_3839,0.0
b1482,PP_0089,6.1e-57
b1490,PP_1411,1.1500000000000001e-29
b1494,PP_5115,6.079999999999999e-23
b1496,PP_2240,3.8999999999999998e-84
b1498,PP_3352,7.37e-23
b1501,PP_0256,0.0
b1519,PP_2545,4.49e-70
b1520,PP_4598,1.27e-65
b1522,PP_3932,1.9500000000000002e-66
b1525,PP_3151,0.0
b1526,PP_3152,4.24e-146
b1528,PP_2428,5.4e-134
b1530,PP_3550,2.51e-17
b1533,PP_2872,7.38e-90
b1534,PP_1696,2.0899999999999997e-52
b1539,PP_4862,7.18e-91
b1540,PP_4345,1.29e-13
b1584,PP_0820,8.06e-12
b1595,PP_5071,1.96e-94
b1596,PP_5072,2.9300000000000004e-169
b1602,PP_0155,8.9e-151
b1603,PP_0156,4.21e-105
b1605,PP_1002,3.75e-125
b1606,PP_4632,2.91e-47
b1607,PP_1065,1.1899999999999998e-42
b1608,PP_3454,6.440000000000001e-64
b1609,PP_1182,1.9e-55
b1611,PP_1755,0.0
b1612,PP_0897,2.79e-58
b1614,PP_1230,1.98e-47
b1623,PP_0591,4.86e-39
b1630,PP_1095,2.02e-57
b1631,PP_1094,2.54e-21
b1633,PP_1092,1.39e-112
b1636,PP_5357,8.9e-117
b1637,PP_0436,2.14e-43
b1638,PP_1129,2.56e-53
b1640,PP_0434,4.35e-108
b1641,PP_1131,5.76e-18
b1642,PP_4515,2.56e-29
b1644,PP_1152,2.89e-76
b1649,PP_2475,5.6099999999999996e-55
b1650,PP_3173,0.0
b1651,PP_3766,1.53e-19
b1652,PP_1085,8.29e-92
b1653,PP_1061,5.25e-148
b1654,PP_1081,9.119999999999999e-54
b1656,PP_0915,1e-102
b1657,PP_2367,1.8399999999999998e-176
b1658,PP_2457,3.3e-87
b1659,PP_4539,1.48e-25
b1661,PP_2734,1.58e-56
b1662,PP_2916,4.32e-56
b1663,PP_5262,2.18e-48
b1676,PP_4301,6.15e-98
b1678,PP_2320,1.05e-60
b1679,PP_1528,6.37e-18
b1687,PP_4493,0.0
b1688,PP_4162,2.7999999999999996e-54
b1692,PP_2406,1.3099999999999999e-30
b1695,PP_2216,1.32e-55
b1699,PP_4203,1.75e-27
b1702,PP_2082,0.0
b1703,PP_2081,2.67e-92
b1706,PP_5068,1.94e-149
b1710,PP_0777,3.2300000000000003e-57
b1711,PP_4688,1.18e-44
b1712,PP_2471,2.61e-53
b1713,PP_2470,0.0
b1714,PP_2469,1.2000000000000002e-163
b1716,PP_2468,6.13e-64
b1717,PP_2467,2.44e-14
b1718,PP_2466,5.91e-78
b1719,PP_2465,0.0
b1727,PP_2052,1.53e-16
b1729,PP_5131,0.0
b1732,PP_0115,0.0
b1739,PP_4855,1.43e-17
b1740,PP_4869,3.45e-79
b1742,PP_5034,1.02e-13
b1744,PP_4475,2.16e-66
b1745,PP_4477,0.0
b1746,PP_4478,0.0
b1747,PP_4479,4.37e-111
b1749,PP_2890,6.1e-137
b1761,PP_0675,0.0
b1763,PP_4019,7.13e-154
b1764,PP_0823,1.02e-162
b1765,PP_4506,1.25e-48
b1767,PP_0495,3.17e-60
b1772,PP_3378,8.020000000000001e-27
b1774,PP_0552,3.36e-58
b1777,PP_2015,3.45e-12
b1778,PP_1873,2.5599999999999997e-48
b1780,PP_5332,9.969999999999999e-45
b1781,PP_3120,3.89e-99
b1783,PP_0397,0.0
b1784,PP_0396,4.64e-174
b1790,PP_0583,1.56e-39
b1791,PP_0970,1.73e-68
b1792,PP_4102,6.05e-36
b1798,PP_1248,4.79e-38
b1802,PP_5373,1.14e-37
b1803,PP_3737,1.5699999999999999e-68
b1804,PP_4591,7.11e-73
b1805,PP_4549,0.0
b1807,PP_1507,2.1600000000000002e-64
b1809,PP_4435,4.8200000000000005e-32
b1812,PP_2329,2.56e-125
b1813,PP_1453,1.1800000000000002e-37
b1822,PP_1524,8.08e-67
b1827,PP_1375,7.03e-37
b1829,PP_1871,3.0699999999999998e-90
b1830,PP_1719,7.19e-168
b1832,PP_1877,4.61e-55
b1834,PP_0599,3.54e-89
b1845,PP_4583,6.2e-160
b1846,PP_1487,3.53e-15
b1849,PP_1457,0.0
b1850,PP_1024,1.25e-68
b1851,PP_1010,0.0
b1852,PP_1022,0.0
b1853,PP_1021,2.91e-112
b1854,PP_1362,0.0
b1856,PP_0435,1.27e-62
b1857,PP_0120,1.44e-60
b1858,PP_0118,3.01e-91
b1859,PP_0117,5.91e-77
b1860,PP_1217,2.4200000000000004e-179
b1861,PP_1216,7.71e-73
b1863,PP_1215,1.5699999999999998e-54
b1864,PP_1214,3.35e-108
b1866,PP_1213,0.0
b1868,PP_1509,3.7499999999999997e-62
b1870,PP_1441,1.26e-97
b1871,PP_1440,5.9100000000000005e-123
b1876,PP_5089,0.0
b1879,PP_4344,0.0
b1880,PP_4352,6.36e-93
b1881,PP_4339,2.17e-30
b1882,PP_4340,5.21e-55
b1883,PP_4337,7.370000000000001e-70
b1884,PP_4392,1.03e-36
b1887,PP_4332,4.41e-28
b1888,PP_4338,3.35e-93
b1889,PP_4904,1.25e-61
b1890,PP_4905,2.05e-75
b1908,PP_1161,1.77e-42
b1912,PP_4097,2.56e-62
b1913,PP_4098,0.0
b1914,PP_4099,4.3999999999999995e-89
b1916,PP_4647,1.97e-34
b1917,PP_0225,1.45e-135
b1918,PP_0226,2.52e-119
b1920,PP_0227,8.31e-112
b1922,PP_4341,1.29e-67
b1923,PP_4378,6.58e-41
b1924,PP_4376,5.79e-41
b1925,PP_4375,2.43e-18
b1931,PP_2941,8.940000000000001e-58
b1937,PP_4370,1.56e-17
b1938,PP_4369,1.2500000000000001e-99
b1939,PP_4368,8.12e-95
b1941,PP_4366,2.85e-177
b1942,PP_4365,2.25e-12
b1945,PP_4358,2.5599999999999998e-84
b1946,PP_4357,2.3100000000000001e-35
b1948,PP_4355,2.01e-92
b1949,PP_4354,1.06e-23
b1950,PP_4353,6.55e-46
b1958,PP_4294,5.6e-131
b1959,PP_4767,1.54e-91
b1962,PP_2524,2.72e-50
b1970,PP_4285,6.95e-22
b1971,PP_4676,7.72e-115
b1972,PP_4675,1.22e-28
b1974,PP_2010,9.36e-39
b1976,PP_0539,1.34e-48
b1982,PP_4779,0.0
b1991,PP_1679,1.64e-69
b1993,PP_1678,4.5900000000000003e-32
b2000,PP_3069,6.31e-20
b2011,PP_1365,1.47e-142
b2017,PP_2940,9.66e-21
b2019,PP_0965,1.59e-19
b2020,PP_0966,1.28e-93
b2021,PP_0967,3.24e-32
b2022,PP_0289,7.459999999999999e-54
b2023,PP_0290,6.780000000000001e-37
b2024,PP_0292,1.69e-36
b2025,PP_0293,1.4300000000000001e-70
b2026,PP_5014,1.27e-20
b2028,PP_2926,4.9e-39
b2029,PP_4043,1.26e-48
b2038,PP_1782,1.4500000000000002e-70
b2039,PP_1783,2.1300000000000002e-156
b2040,PP_1784,1.01e-112
b2044,PP_3139,2.59e-26
b2047,PP_3142,4.89e-86
b2048,PP_1777,0.0
b2049,PP_1277,0.0
b2053,PP_1799,1.8599999999999997e-126
b2058,PP_3136,2.6199999999999998e-23
b2062,PP_3126,8.43e-17
b2063,PP_3437,5.01e-177
b2065,PP_1100,7.57e-14
b2067,PP_1761,3.2600000000000005e-73
b2068,PP_0705,1.14e-13
b2069,PP_4849,8.76e-51
b2074,PP_3585,1.95e-120
b2075,PP_3584,0.0
b2076,PP_3583,0.0
b2081,PP_2206,0.0
b2086,PP_2125,7.54e-77
b2089,PP_4445,2.39e-49
b2103,PP_4782,8.27e-34
b2106,PP_2968,1.57e-50
b2107,PP_3928,5.44e-11
b2113,PP_1098,1.43e-109
b2114,PP_1097,0.0
b2124,PP_1190,6.61e-51
b2125,PP_0185,3.34e-20
b2127,PP_4630,8.28e-22
b2128,PP_0869,2.4300000000000002e-32
b2129,PP_0868,3.7700000000000003e-79
b2131,PP_0870,5.750000000000001e-37
b2132,PP_1403,0.0
b2134,PP_3794,5.24e-134
b2135,PP_1640,9.56e-66
b2136,PP_5218,3.36e-29
b2140,PP_1981,4.98e-85
b2142,PP_4815,2.38e-41
b2147,PP_4038,1e-106
b2153,PP_2512,5.9e-38
b2154,PP_1617,1.09e-122
b2157,PP_1637,6.13e-80
b2158,PP_3661,4.13e-68
b2167,PP_0795,0.0
b2168,PP_0794,4.27e-77
b2171,PP_1858,4.1200000000000004e-27
b2173,PP_5359,3.62e-40
b2174,PP_0251,1.21e-12
b2175,PP_1669,1.0800000000000001e-31
b2177,PP_4147,1.4099999999999999e-152
b2178,PP_4148,1.8500000000000003e-163
b2179,PP_4149,6.96e-163
b2180,PP_4150,0.0
b2182,PP_0589,1.34e-51
b2183,PP_1409,7.61e-59
b2185,PP_0721,1.43e-18
b2186,PP_0973,6.989999999999999e-68
b2194,PP_5748,4.6099999999999997e-38
b2195,PP_4321,2.1e-62
b2196,PP_4322,0.0
b2197,PP_4323,6.43e-38
b2199,PP_4325,2.76e-78
b2200,PP_4326,9.419999999999999e-39
b2201,PP_4327,1.08e-63
b2209,PP_3072,5.19e-58
b2210,PP_1251,0.0
b2211,PP_4216,1.19e-97
b2212,PP_3400,2.22e-72
b2213,PP_0706,7.98e-131
b2214,PP_2150,1.7400000000000002e-57
b2219,PP_1350,2.86e-38
b2220,PP_4371,2.5100000000000003e-117
b2221,PP_3951,2.68e-62
b2222,PP_3123,3.02e-68
b2223,PP_3124,4.61e-59
b2231,PP_1767,0.0
b2232,PP_1765,1.78e-109
b2234,PP_1179,5.23e-75
b2235,PP_1177,2.3099999999999999e-23
b2237,PP_0904,1.75e-54
b2240,PP_2548,1.17e-24
b2246,PP_4758,3.1e-84
b2252,PP_5712,8.44e-17
b2257,PP_0033,2.11e-14
b2267,PP_4956,3.01e-46
b2268,PP_4033,1.33e-59
b2276,PP_4131,0.0
b2277,PP_4130,0.0
b2278,PP_4129,0.0
b2279,PP_4128,8.72e-47
b2280,PP_4127,2.0800000000000002e-59
b2281,PP_4126,1.09e-111
b2282,PP_4125,7.61e-174
b2283,PP_4124,0.0
b2284,PP_4123,0.0
b2285,PP_4122,3.16e-86
b2286,PP_4121,0.0
b2287,PP_4120,3.4100000000000002e-133
b2288,PP_4119,9.23e-58
b2289,PP_1863,6.16e-45
b2290,PP_1872,0.0
b2292,PP_3931,0.0
b2297,PP_0774,0.0
b2299,PP_0565,6.67e-30
b2304,PP_0743,1.15e-79
b2306,PP_4483,2.46e-122
b2307,PP_4484,3.4800000000000004e-59
b2308,PP_4485,2.85e-76
b2310,PP_4486,1.07e-74
b2311,PP_0548,9.589999999999999e-42
b2312,PP_2000,0.0
b2313,PP_1999,9.96e-35
b2315,PP_1997,2.02e-116
b2316,PP_1996,1.04e-138
b2317,PP_0540,1.64e-74
b2318,PP_1994,2.92e-109
b2319,PP_1992,5.7e-65
b2320,PP_2117,8.08e-95
b2323,PP_4175,0.0
b2324,PP_1751,1.7e-149
b2327,PP_0487,4.6000000000000003e-35
b2329,PP_1830,0.0
b2330,PP_1827,4.59e-115
b2340,PP_4167,2.26e-20
b2342,PP_0582,5.25e-94
b2344,PP_1689,1.13e-45
b2346,PP_2163,8.690000000000001e-32
b2347,PP_1156,2.84e-97
b2351,PP_0034,5.94e-62
b2370,PP_2100,1.49e-143
b2371,PP_0159,3.49e-77
b2379,PP_0817,0.0
b2388,PP_1011,5.1200000000000004e-73
b2400,PP_1977,1.38e-97
b2410,PP_2877,7.9e-112
b2411,PP_4274,0.0
b2412,PP_4275,3.45e-24
b2413,PP_0785,9.959999999999999e-55
b2414,PP_4571,2.2e-153
b2421,PP_1654,1.07e-148
b2422,PP_5168,1.12e-115
b2423,PP_5169,5.54e-94
b2424,PP_5170,4.6400000000000004e-85
b2430,PP_1954,4.25e-14
b2431,PP_3248,2.84e-26
b2436,PP_0073,6.41e-155
b2437,PP_3149,4.82e-28
b2440,PP_0542,1.4100000000000001e-36
b2441,PP_0543,9.01e-159
b2463,PP_5085,1.5500000000000002e-163
b2469,PP_2671,3.83e-19
b2471,PP_1531,1.64e-32
b2472,PP_1525,7.300000000000001e-156
b2475,PP_4657,3.99e-86
b2476,PP_1240,1.23e-124
b2478,PP_1237,2.02e-116
b2479,PP_1236,1.07e-13
b2480,PP_1235,6.86e-30
b2493,PP_1234,1.57e-86
b2494,PP_1232,2.28e-75
b2495,PP_1645,2.1399999999999999e-41
b2496,PP_1668,2.23e-64
b2497,PP_0745,1.41e-92
b2498,PP_0746,5.4899999999999995e-108
b2499,PP_1665,7.38e-175
b2500,PP_1664,2.15e-91
b2501,PP_5217,1.5900000000000001e-133
b2502,PP_5216,2.7100000000000004e-124
b2507,PP_1032,0.0
b2508,PP_1031,0.0
b2509,PP_1027,1.33e-118
b2511,PP_0857,0.0
b2512,PP_0856,1.92e-54
b2513,PP_0855,5.23e-20
b2514,PP_0854,0.0
b2515,PP_0853,0.0
b2516,PP_0852,1.13e-15
b2517,PP_0850,3.1700000000000003e-156
b2518,PP_0849,5.57e-63
b2519,PP_0572,0.0
b2520,PP_0570,0.0
b2521,PP_5118,3.2e-34
b2524,PP_0848,3.65e-19
b2525,PP_0847,5.2799999999999996e-40
b2526,PP_0846,0.0
b2527,PP_0845,3.93e-31
b2528,PP_0844,6.38e-51
b2529,PP_0843,2.29e-75
b2530,PP_0842,0.0
b2531,PP_0841,4.72e-65
b2532,PP_0839,7.73e-93
b2533,PP_0838,2.8e-99
b2534,PP_1500,8.57e-33
b2536,PP_1831,1.23e-28
b2537,PP_3716,8.4e-48
b2538,PP_3161,3.35e-44
b2542,PP_3175,3.09e-31
b2543,PP_3837,3.25e-47
b2544,PP_1165,3.73e-30
b2551,PP_0671,0.0
b2552,PP_0808,9.489999999999999e-98
b2557,PP_1037,0.0
b2558,PP_1036,1.57e-97
b2559,PP_1035,2.25e-43
b2562,PP_5124,1.28e-29
b2564,PP_1436,3.49e-107
b2565,PP_1435,3.09e-41
b2566,PP_1434,1.0000000000000001e-124
b2567,PP_1433,2.5299999999999998e-81
b2568,PP_1432,3.61e-68
b2569,PP_1431,0.0
b2571,PP_1429,3.75e-29
b2573,PP_1427,1.65e-88
b2574,PP_1426,0.0
b2576,PP_4532,1.88e-94
b2578,PP_3405,6.17e-24
b2580,PP_1413,2.75e-86
b2582,PP_5069,1.4499999999999998e-42
b2583,PP_1634,4.7800000000000003e-73
b2584,PP_3724,5.48e-44
b2585,PP_3664,8.210000000000001e-129
b2587,PP_1378,0.0
b2592,PP_0625,0.0
b2593,PP_0624,6.15e-90
b2594,PP_0623,1.03e-124
b2595,PP_0622,4.02e-58
b2599,PP_1769,5.4699999999999994e-48
b2601,PP_2324,2.5e-153
b2603,PP_4671,1.94e-21
b2604,PP_4670,6.530000000000001e-70
b2605,PP_4669,1.37e-33
b2606,PP_1465,4.29e-56
b2607,PP_1464,4.82e-120
b2608,PP_1463,5.5e-39
b2609,PP_1462,1.12e-31
b2610,PP_1461,0.0
b2611,PP_1460,1.84e-30
b2614,PP_4728,1.23e-44
b2615,PP_2012,1.37e-94
b2616,PP_4729,2.09e-143
b2617,PP_4731,2.82e-17
b2619,PP_4732,1.14e-43
b2620,PP_4733,2.5200000000000002e-64
b2622,PP_3889,3.48e-17
b2647,PP_1880,1.9899999999999998e-61
b2659,PP_2909,1.7e-171
b2660,PP_2910,0.0
b2661,PP_0213,0.0
b2662,PP_0214,0.0
b2663,PP_2911,0.0
b2664,PP_2908,4.14e-88
b2665,PP_0258,1.45e-51
b2666,PP_0373,2.72e-16
b2677,PP_0294,1.68e-95
b2678,PP_3559,4.5900000000000003e-66
b2685,PP_3549,3.28e-107
b2686,PP_3548,1.01e-175
b2688,PP_0243,9.009999999999999e-135
b2689,PP_2202,6.779999999999999e-23
b2696,PP_4472,5.61e-28
b2697,PP_4474,0.0
b2698,PP_1630,3.65e-21
b2699,PP_1629,0.0
b2700,PP_1628,1.8199999999999998e-45
b2701,PP_4805,8.709999999999999e-90
b2707,PP_5410,4.13e-66
b2709,PP_0807,3.9700000000000005e-157
b2710,PP_5315,1.32e-13
b2711,PP_5371,1.5299999999999999e-68
b2733,PP_1626,0.0
b2734,PP_3020,2.59e-33
b2741,PP_1623,2.1599999999999998e-150
b2742,PP_1622,9.56e-60
b2743,PP_1621,1.74e-64
b2744,PP_1620,3.11e-76
b2745,PP_1619,1.0699999999999998e-52
b2746,PP_1618,1.4e-74
b2747,PP_1614,2.14e-65
b2748,PP_1613,2.77e-15
b2751,PP_1304,1.18e-179
b2752,PP_1303,5.5999999999999996e-176
b2762,PP_2328,5.5000000000000005e-21
b2763,PP_2371,3.13e-15
b2764,PP_1703,3.14e-123
b2765,PP_2341,7.699999999999999e-67
b2777,PP_1225,1.62e-16
b2779,PP_1612,0.0
b2780,PP_1610,0.0
b2781,PP_1657,3.63e-96
b2784,PP_1656,0.0
b2785,PP_1655,4.6e-90
b2786,PP_1650,3.97e-165
b2787,PP_4757,0.0
b2789,PP_3600,0.0
b2790,PP_4628,2.71e-28
b2792,PP_4681,7.74e-11
b2794,PP_2160,3.7799999999999996e-94
b2795,PP_3662,0.0
b2796,PP_3589,0.0
b2797,PP_3144,3.6700000000000004e-161
b2800,PP_2037,2.1e-15
b2806,PP_2113,5.95e-115
b2807,PP_5106,2.1500000000000003e-21
b2808,PP_4107,2.5699999999999998e-61
b2810,PP_1529,8.090000000000001e-110
b2812,PP_1527,3.9400000000000003e-100
b2813,PP_4971,4.35e-37
b2817,PP_4897,6.43e-91
b2818,PP_5185,2.7800000000000002e-161
b2819,PP_4672,2.3900000000000002e-133
b2820,PP_4673,0.0
b2821,PP_0381,1.21e-28
b2822,PP_4674,0.0
b2827,PP_5141,8.89e-63
b2828,PP_5142,8.33e-93
b2829,PP_5145,0.0
b2830,PP_5146,3.95e-78
b2834,PP_1314,1.4699999999999999e-137
b2838,PP_2077,2.14e-175
b2839,PP_2078,1.52e-104
b2842,PP_3073,1.71e-41
b2844,PP_4636,0.0
b2866,PP_4279,1.0400000000000002e-56
b2867,PP_4278,2.04e-26
b2873,PP_4036,2.74e-103
b2875,PP_4280,6.78e-25
b2883,PP_4281,1.58e-180
b2888,PP_4290,5.76e-134
b2890,PP_1496,0.0
b2891,PP_1495,0.0
b2892,PP_1477,0.0
b2893,PP_1469,1.12e-51
b2894,PP_1468,3.03e-128
b2897,PP_1424,6.1e-19
b2898,PP_1423,2.14e-35
b2899,PP_4986,9.829999999999999e-46
b2902,PP_3547,1.72e-94
b2903,PP_5192,0.0
b2904,PP_5193,1.21e-56
b2905,PP_5194,3.9599999999999998e-140
b2906,PP_5197,1.16e-100
b2907,PP_5199,1.5e-80
b2908,PP_5200,4.36e-138
b2909,PP_5201,8.54e-15
b2912,PP_5203,7.85e-29
b2913,PP_5155,0.0
b2914,PP_5150,3.12e-95
b2916,PP_0917,3.4200000000000002e-49
b2920,PP_0154,4.6499999999999997e-150
b2923,PP_0916,1.87e-46
b2924,PP_1353,2.18e-44
b2926,PP_4963,0.0
b2927,PP_4964,5.07e-128
b2935,PP_4965,0.0
b2936,PP_0759,8.78e-19
b2937,PP_2196,3.1e-107
b2938,PP_0567,0.0
b2942,PP_4967,0.0
b2944,PP_1639,7.29e-25
b2945,PP_3375,6.86e-84
b2946,PP_4985,1.6599999999999997e-67
b2947,PP_4993,8.11e-152
b2948,PP_4995,2.4599999999999998e-48
b2949,PP_4996,1.7500000000000001e-47
b2950,PP_5093,4.9499999999999995e-84
b2951,PP_5094,1.3e-78
b2952,PP_5096,7.42e-31
b2954,PP_5100,3.07e-65
b2955,PP_5101,1.3e-144
b2957,PP_2453,8.15e-93
b2959,PP_2099,2.32e-23
b2960,PP_5103,2.49e-101
b2961,PP_0286,9.4e-130
b2962,PP_0285,2.94e-26
b2972,PP_0632,2.02e-52
b2975,PP_4735,0.0
b2976,PP_0356,0.0
b2977,PP_3748,3.54e-55
b2979,PP_3745,0.0
b2980,PP_3744,2.72e-102
b2989,PP_2933,3.87e-144
b3002,PP_0682,2.8599999999999997e-91
b3003,PP_2723,8.36e-91
b3005,PP_5307,1.1799999999999999e-61
b3006,PP_5306,1.23e-95
b3010,PP_2425,4.850000000000001e-72
b3011,PP_2492,4.98e-172
b3018,PP_1844,1.09e-53
b3019,PP_4912,0.0
b3021,PP_4204,6.339999999999999e-38
b3022,PP_4205,1.79e-37
b3023,PP_2173,6.59e-42
b3024,PP_5073,1.73e-13
b3025,PP_4225,5.4200000000000005e-70
b3026,PP_4224,3.09e-49
b3028,PP_4661,5.01e-92
b3030,PP_4915,0.0
b3031,PP_4916,1.11e-37
b3032,PP_4917,1.04e-65
b3033,PP_4918,7.22e-22
b3034,PP_4919,6.34e-62
b3035,PP_4923,2.23e-75
b3039,PP_1869,9.319999999999999e-54
b3040,PP_1836,1.57e-14
b3041,PP_3813,3.64e-68
b3052,PP_4934,0.0
b3053,PP_0340,0.0
b3054,PP_5187,1.56e-17
b3055,PP_3631,1.09e-44
b3056,PP_0394,7.67e-119
b3057,PP_2862,6.540000000000001e-72
b3058,PP_0392,5.46e-35
b3059,PP_0391,3.93e-39
b3060,PP_1615,2.92e-51
b3064,PP_0390,0.0
b3065,PP_0389,2.35e-31
b3066,PP_0388,7.730000000000001e-169
b3067,PP_0387,0.0
b3070,PP_1056,6.82e-41
b3071,PP_1057,1.36e-17
b3072,PP_4521,3.25e-78
b3081,PP_2008,0.0
b3084,PP_4648,7.9e-95
b3085,PP_4958,4.17e-73
b3088,PP_2438,6.51e-87
b3089,PP_2443,0.0
b3097,PP_4969,2.58e-17
b3098,PP_2105,4.99e-15
b3102,PP_3998,5.0999999999999994e-126
b3113,PP_5303,4.63e-32
b3117,PP_4430,8.039999999999999e-61
b3124,PP_3178,1.59e-103
b3128,PP_3601,0.0
b3129,PP_1268,4.59e-16
b3130,PP_1267,6.08e-41
b3137,PP_4960,2.82e-49
b3146,PP_1326,8.84e-110
b3147,PP_1325,2.74e-22
b3148,PP_1324,4.16e-25
b3149,PP_1323,1.8800000000000002e-79
b3150,PP_1322,5.23e-38
b3152,PP_0550,6.86e-66
b3153,PP_2725,2.86e-32
b3155,PP_0972,1.21e-20
b3160,PP_0088,1.24e-116
b3162,PP_1868,5.57e-155
b3164,PP_4708,0.0
b3165,PP_4709,7.57e-41
b3166,PP_4710,1.84e-105
b3167,PP_4711,8.61e-37
b3168,PP_4712,0.0
b3169,PP_4713,0.0
b3170,PP_4714,8.78e-44
b3172,PP_1088,9.910000000000001e-27
b3175,PP_5706,6.52e-19
b3176,PP_4716,0.0
b3177,PP_4717,7.97e-109
b3178,PP_4718,0.0
b3179,PP_4719,7.11e-93
b3180,PP_4720,7.49e-22
b3181,PP_4722,2.1900000000000003e-64
b3182,PP_2098,4.68e-24
b3183,PP_0690,6.09e-146
b3184,PP_1753,7.15e-65
b3185,PP_0689,1.08e-37
b3186,PP_0688,1.64e-42
b3187,PP_0687,1.25e-114
b3189,PP_0964,0.0
b3190,PP_0963,1.08e-14
b3193,PP_0960,3.3900000000000004e-37
b3194,PP_0959,7.35e-111
b3195,PP_0958,2.2e-116
b3196,PP_0928,3.2200000000000003e-37
b3197,PP_0957,5.81e-126
b3198,PP_0956,5.4e-51
b3200,PP_0954,8.07e-18
b3201,PP_0953,3.88e-118
b3202,PP_0952,0.0
b3203,PP_0951,2.22e-33
b3204,PP_0950,4.4500000000000004e-36
b3205,PP_0949,5.88e-93
b3206,PP_0948,6.97e-13
b3208,PP_5107,2.92e-75
b3209,PP_5220,2.08e-85
b3212,PP_5076,0.0
b3213,PP_5075,0.0
b3224,PP_4578,5.5700000000000004e-36
b3228,PP_1321,4.29e-37
b3229,PP_1320,8.709999999999999e-76
b3230,PP_1316,5.260000000000001e-72
b3231,PP_1315,4.65e-77
b3232,PP_1312,7e-127
b3235,PP_1301,1.43e-82
b3236,PP_0654,2.38e-18
b3240,PP_1150,7.800000000000001e-33
b3244,PP_0940,0.0
b3247,PP_0937,0.0
b3248,PP_0936,5.719999999999999e-61
b3249,PP_0935,4.83e-33
b3250,PP_0934,3.56e-62
b3251,PP_0933,0.0
b3252,PP_0165,1.63e-22
b3255,PP_0559,9.64e-56
b3256,PP_0558,0.0
b3259,PP_4818,3.58e-111
b3260,PP_4820,3.8099999999999995e-138
b3261,PP_4821,2.15e-30
b3269,PP_1298,1e-161
b3270,PP_1299,1.06e-178
b3271,PP_1300,1.0400000000000001e-156
b3279,PP_0095,9.58e-83
b3281,PP_0074,9.060000000000001e-85
b3282,PP_0070,5.44e-47
b3287,PP_0068,1.26e-63
b3288,PP_0067,4.08e-130
b3289,PP_0066,2.73e-124
b3290,PP_0065,0.0
b3291,PP_4645,2.26e-62
b3292,PP_5140,5.29e-26
b3294,PP_0480,9.019999999999999e-68
b3295,PP_0479,2.71e-174
b3296,PP_0478,1.42e-108
b3297,PP_0477,4.67e-74
b3298,PP_0476,1.92e-62
b3299,PP_0475,2.54e-20
b3300,PP_0474,0.0
b3301,PP_0473,3.13e-63
b3302,PP_0472,1.54e-20
b3303,PP_0471,4.46e-83
b3304,PP_0470,8.38e-36
b3305,PP_0469,1.16e-77
b3306,PP_0468,7.129999999999999e-60
b3307,PP_0467,1.16e-40
b3308,PP_0466,2.81e-93
b3309,PP_0465,1.98e-40
b3310,PP_0464,4.71e-74
b3311,PP_0463,1.48e-39
b3312,PP_0462,2.82e-28
b3313,PP_0461,1.99e-63
b3314,PP_0460,2.92e-119
b3315,PP_0459,5.999999999999999e-52
b3316,PP_0458,2.52e-53
b3317,PP_0457,6.76e-148
b3318,PP_0456,2.1700000000000002e-32
b3319,PP_0455,4.74e-100
b3320,PP_0454,5.12e-111
b3321,PP_0453,4.18e-66
b3325,PP_1046,2.75e-59
b3326,PP_1047,7.41e-157
b3327,PP_1048,3.7399999999999997e-84
b3328,PP_1049,2.1499999999999997e-48
b3332,PP_1042,2.7e-18
b3336,PP_1082,5.89e-68
b3337,PP_1083,8.16e-11
b3340,PP_4111,0.0
b3341,PP_0450,1.56e-77
b3342,PP_0449,1.43e-77
b3344,PP_3994,1.6e-14
b3345,PP_3993,9.18e-31
b3346,PP_2931,3.12e-13
b3349,PP_0776,3.7200000000000004e-37
b3350,PP_5246,1.28e-146
b3352,PP_0196,0.0
b3353,PP_5117,2.03e-81
b3356,PP_0425,1.8999999999999997e-48
b3357,PP_0424,2.4099999999999998e-95
b3359,PP_4481,0.0
b3360,PP_0420,1.1899999999999999e-94
b3363,PP_4541,1.29e-75
b3365,PP_1705,0.0
b3366,PP_1706,1.21e-20
b3368,PP_3999,2.62e-151
b3369,PP_1249,1.13e-16
b3370,PP_1259,4.15e-21
b3384,PP_1311,2.32e-51
b3385,PP_0416,2.87e-60
b3386,PP_0415,1.26e-125
b3389,PP_5078,2.81e-143
b3390,PP_5079,1.74e-56
b3391,PP_5080,3.21e-71
b3396,PP_5084,0.0
b3397,PP_0260,2.13e-58
b3399,PP_0259,2.88e-56
b3400,PP_0250,8.21e-39
b3401,PP_0252,1.06e-65
b3404,PP_0247,3.52e-56
b3405,PP_0246,4.5699999999999996e-119
b3406,PP_2315,1.6500000000000001e-85
b3407,PP_0245,0.0
b3412,PP_0364,6.4399999999999994e-24
b3413,PP_0361,1.19e-38
b3414,PP_2378,1.7e-66
b3415,PP_3417,8.59e-127
b3416,PP_4052,3.7000000000000003e-88
b3418,PP_0767,6.06e-39
b3423,PP_1074,4.58e-100
b3424,PP_2014,1.5799999999999998e-23
b3425,PP_0398,1.2e-36
b3426,PP_1073,0.0
b3428,PP_5041,0.0
b3429,PP_4050,9.44e-115
b3431,PP_4055,0.0
b3432,PP_4058,0.0
b3433,PP_1989,0.0
b3438,PP_3415,2.15e-53
b3439,PP_2564,7.2e-67
b3442,PP_2615,1.83e-14
b3447,PP_4659,1.4399999999999998e-140
b3449,PP_2152,1.29e-24
b3450,PP_1018,4.31e-118
b3452,PP_1016,2.6299999999999998e-23
b3454,PP_1137,3.43e-110
b3455,PP_1138,4.22e-138
b3456,PP_1139,8.380000000000001e-166
b3457,PP_1140,5.87e-130
b3458,PP_1141,2.11e-158
b3461,PP_5108,4.46e-129
b3462,PP_5109,1.7e-57
b3463,PP_5110,3.1e-85
b3464,PP_5111,1.3500000000000002e-157
b3465,PP_5114,1.09e-57
b3469,PP_5139,1.54e-142
b3470,PP_2116,1.82e-25
b3473,PP_4492,6.68e-109
b3476,PP_3342,1.8400000000000003e-179
b3477,PP_3343,2.82e-135
b3478,PP_3344,8.42e-94
b3479,PP_3345,3.6200000000000004e-70
b3480,PP_3346,1.11e-73
b3481,PP_3341,1.33e-36
b3482,PP_3108,2.38e-62
b3485,PP_5208,1.07e-125
b3486,PP_5207,0.0
b3487,PP_5206,2.55e-62
b3492,PP_4953,3.6e-155
b3493,PP_1373,0.0
b3497,PP_1513,2.82e-58
b3498,PP_0096,0.0
b3499,PP_4945,7.95e-87
b3500,PP_3819,2.61e-129
b3501,PP_2718,6.91e-32
b3502,PP_1929,0.0
b3505,PP_2971,4.3299999999999996e-23
b3508,PP_3541,1.45e-25
b3518,PP_2943,7.99e-77
b3521,PP_3811,1.41e-56
b3523,PP_1458,3.82e-136
b3524,PP_4857,0.0
b3528,PP_1188,0.0
b3530,PP_2638,0.0
b3531,PP_2637,4.3399999999999995e-115
b3532,PP_2636,0.0
b3533,PP_2635,0.0
b3538,PP_2632,1.0800000000000001e-157
b3540,PP_0878,3.94e-135
b3541,PP_0879,5.1799999999999996e-138
b3542,PP_0880,1.22e-127
b3543,PP_0881,6.17e-158
b3544,PP_0885,0.0
b3547,PP_0288,3.18e-13
b3549,PP_0062,3.2e-69
b3552,PP_0773,2.58e-43
b3553,PP_3376,5.02e-111
b3556,PP_2463,1.5e-24
b3559,PP_0060,0.0
b3560,PP_0061,8.27e-176
b3578,PP_1167,4.67e-78
b3579,PP_1169,2.02e-39
b3588,PP_0545,0.0
b3589,PP_2682,1.69e-84
b3590,PP_0494,1.98e-145
b3591,PP_0493,8.01e-153
b3592,PP_0335,2.1300000000000002e-29
b3605,PP_4736,0.0
b3606,PP_5052,9.719999999999999e-69
b3607,PP_0840,1.61e-42
b3608,PP_4169,4.67e-69
b3609,PP_5053,4.59e-57
b3610,PP_5054,9.91e-32
b3611,PP_5055,1.1500000000000002e-21
b3612,PP_5056,0.0
b3613,PP_5057,5.31e-49
b3614,PP_5059,7.019999999999999e-46
b3620,PP_0341,6.23e-125
b3621,PP_0342,2.6e-112
b3624,PP_3016,9.09e-22
b3630,PP_0344,3.41e-108
b3631,PP_0343,1.97e-139
b3633,PP_4928,6.560000000000001e-144
b3634,PP_5123,6.82e-68
b3635,PP_5125,2e-102
b3636,PP_5281,2.5700000000000002e-26
b3637,PP_5282,1.7099999999999998e-40
b3638,PP_5284,1.71e-63
b3639,PP_5285,4.01e-143
b3640,PP_5286,6.05e-76
b3642,PP_5291,3.67e-101
b3643,PP_5294,2.61e-113
b3644,PP_5295,2.47e-92
b3646,PP_4901,1.25e-81
b3647,PP_4968,7.01e-141
b3648,PP_5296,2.39e-92
b3649,PP_5301,1.1699999999999998e-23
b3650,PP_5302,0.0
b3652,PP_5310,0.0
b3653,PP_0996,1.2099999999999999e-168
b3654,PP_3992,2.1699999999999998e-165
b3661,PP_5165,6.31e-60
b3662,PP_2647,2.88e-48
b3668,PP_2127,4.46e-22
b3676,PP_2044,4.88e-11
b3678,PP_0077,2.85e-35
b3684,PP_0204,1.2900000000000001e-31
b3686,PP_1982,8.04e-41
b3699,PP_0013,0.0
b3700,PP_0012,1.42e-97
b3701,PP_0011,4.13e-140
b3702,PP_0010,0.0
b3703,PP_0009,3.12e-20
b3704,PP_0008,1.87e-30
b3705,PP_0006,3.68e-166
b3706,PP_0005,0.0
b3713,PP_4138,1.46e-34
b3714,PP_4653,2.94e-158
b3724,PP_5325,1.19e-74
b3725,PP_5326,7.55e-118
b3726,PP_2658,4.18e-62
b3727,PP_2657,5.94e-50
b3728,PP_2656,2.2600000000000001e-72
b3729,PP_5409,0.0
b3730,PP_5411,2.35e-176
b3731,PP_5412,7.31e-43
b3732,PP_5413,0.0
b3733,PP_5414,3.8300000000000004e-148
b3734,PP_5415,0.0
b3735,PP_5416,4.41e-47
b3736,PP_5417,3.22e-56
b3737,PP_5418,2.5999999999999997e-23
b3738,PP_5419,7.04e-93
b3740,PP_0003,1.39e-66
b3741,PP_0004,0.0
b3747,PP_1200,0.0
b3748,PP_2459,1.2900000000000001e-37
b3749,PP_2759,5.01e-122
b3750,PP_2456,2.5099999999999998e-52
b3751,PP_2454,5.8200000000000005e-37
b3752,PP_2458,8.12e-63
b3754,PP_4951,2.2700000000000002e-129
b3765,PP_5239,5.11e-161
b3770,PP_3511,5.07e-34
b3771,PP_5128,0.0
b3772,PP_3446,0.0
b3774,PP_4678,1.6699999999999998e-45
b3775,PP_3079,3.04e-30
b3778,PP_5264,0.0
b3780,PP_1295,3.49e-112
b3781,PP_5215,5.57e-57
b3783,PP_5214,0.0
b3786,PP_1811,0.0
b3788,PP_1785,1.73e-162
b3794,PP_3141,1.77e-11
b3800,PP_3461,5.24e-20
b3802,PP_0189,4.1699999999999996e-24
b3803,PP_0188,3.75e-22
b3804,PP_0187,2.08e-20
b3805,PP_0186,2.1e-136
b3806,PP_5222,8.799999999999999e-147
b3807,PP_5225,2.88e-24
b3809,PP_5228,1.68e-105
b3810,PP_5229,3.77e-13
b3811,PP_5230,1.89e-92
b3812,PP_5231,1.1500000000000001e-33
b3813,PP_5352,0.0
b3819,PP_0358,3.7499999999999997e-91
b3822,PP_4516,0.0
b3824,PP_0198,8.52e-44
b3827,PP_4537,7e-78
b3828,PP_1063,2.54e-93
b3829,PP_4637,3.4299999999999997e-53
b3830,PP_1184,6.73e-12
b3832,PP_1694,5.4e-103
b3833,PP_5011,2.41e-133
b3835,PP_5013,0.0
b3836,PP_1041,4.04e-17
b3838,PP_1040,3.64e-12
b3839,PP_5018,1.06e-106
b3843,PP_5213,0.0
b3844,PP_5212,3.3e-22
b3845,PP_2137,1.1399999999999998e-180
b3846,PP_2136,0.0
b3848,PP_0593,1.18e-34
b3849,PP_4507,2.37e-87
b3857,PP_3457,1.82e-18
b3859,PP_0359,1.8299999999999998e-90
b3860,PP_0127,6.820000000000001e-21
b3862,PP_0332,8.200000000000001e-77
b3863,PP_0123,0.0
b3865,PP_0124,4.29e-66
b3867,PP_4264,1.0400000000000001e-160
b3868,PP_5048,0.0
b3869,PP_5047,7.69e-101
b3870,PP_5046,0.0
b3871,PP_5044,0.0
b3872,PP_1727,1.4100000000000001e-36
b3880,PP_1014,2.3899999999999998e-108
b3887,PP_5027,1.3999999999999998e-54
b3888,PP_0262,3.21e-13
b3891,PP_0492,4.54e-59
b3892,PP_0491,2.32e-59
b3893,PP_0490,1.7299999999999998e-146
b3894,PP_0489,0.0
b3895,PP_0257,3.9599999999999996e-55
b3908,PP_0946,6.43e-77
b3911,PP_3371,1.79e-42
b3912,PP_3372,1.8999999999999998e-68
b3915,PP_4774,5.280000000000001e-88
b3917,PP_5171,3.05e-141
b3919,PP_4715,1.82e-82
b3924,PP_4646,1.29e-58
b3926,PP_1075,0.0
b3927,PP_1076,5.2e-138
b3929,PP_2084,1.0799999999999999e-61
b3931,PP_5001,0.0
b3932,PP_5000,1.24e-88
b3935,PP_5088,0.0
b3936,PP_5087,4.1200000000000004e-26
b3939,PP_4594,1.52e-92
b3941,PP_4977,6.610000000000001e-72
b3942,PP_3668,0.0
b3954,PP_1711,2.88e-13
b3955,PP_2579,0.0
b3956,PP_1505,0.0
b3957,PP_5186,9.25e-127
b3958,PP_0432,4.33e-70
b3959,PP_5289,3.09e-30
b3960,PP_0184,1.4e-149
b3961,PP_5309,8.68e-75
b3962,PP_2151,0.0
b3963,PP_4859,1.7999999999999998e-34
b3965,PP_4654,5.329999999999999e-128
b3966,PP_0525,3.0199999999999997e-67
b3967,PP_0736,2.82e-44
b3972,PP_1904,6.179999999999999e-82
b3973,PP_0437,5.5200000000000006e-64
b3980,PP_0440,0.0
b3981,PP_0441,1.83e-16
b3982,PP_0442,4.0799999999999997e-94
b3983,PP_0443,9.080000000000001e-73
b3984,PP_0444,8.03e-115
b3985,PP_0445,5.0400000000000003e-79
b3986,PP_0446,1e-35
b3987,PP_0447,0.0
b3988,PP_0448,0.0
b3991,PP_5104,4.03e-62
b3993,PP_4783,1.45e-15
b3994,PP_4922,0.0
b3995,PP_0191,1.09e-17
b3996,PP_4029,1.05e-46
b3997,PP_5074,0.0
b4003,PP_2945,5.05e-34
b4005,PP_4823,0.0
b4006,PP_4822,0.0
b4012,PP_2073,8.14e-32
b4015,PP_4116,0.0
b4016,PP_4565,2.02e-167
b4018,PP_2601,2.32e-23
b4019,PP_2375,0.0
b4020,PP_0145,0.0
b4025,PP_4701,0.0
b4039,PP_5317,1.27e-18
b4040,PP_5318,3.4e-99
b4041,PP_1520,0.0
b4042,PP_2973,2.67e-34
b4043,PP_2143,6.11e-91
b4044,PP_0569,8.579999999999999e-98
b4046,PP_0119,1.25e-24
b4049,PP_2169,4.749999999999999e-137
b4051,PP_0072,7.53e-144
b4052,PP_4873,0.0
b4054,PP_3590,0.0
b4058,PP_0483,0.0
b4059,PP_0485,1.59e-52
b4063,PP_2060,2.15e-65
b4065,PP_1587,2.35e-119
b4067,PP_1743,0.0
b4068,PP_1742,3.62e-40
b4069,PP_4487,0.0
b4076,PP_4320,1.09e-11
b4077,PP_0137,0.0
b4079,PP_2185,6.13e-158
b4080,PP_1263,2.49e-52
b4082,PP_0716,3.23e-34
b4083,PP_2045,0.0
b4087,PP_2455,2.14e-114
b4094,PP_4469,2.4799999999999998e-45
b4105,PP_0824,5.97e-13
b4108,PP_0686,6.64e-53
b4111,PP_2914,0.0
b4114,PP_0024,1.88e-148
b4117,PP_4140,0.0
b4135,PP_2951,4.03e-19
b4136,PP_4235,1.03e-97
b4139,PP_5338,0.0
b4142,PP_1360,5.44e-37
b4143,PP_1361,0.0
b4148,PP_1701,4.0999999999999995e-42
b4149,PP_4032,2.46e-35
b4150,PP_2876,1.28e-88
b4160,PP_4908,3.04e-100
b4161,PP_4903,1.78e-101
b4162,PP_4902,2.81e-91
b4166,PP_4900,8.35e-146
b4167,PP_4899,4.7000000000000005e-64
b4168,PP_4898,1.09e-57
b4170,PP_4896,8.29e-148
b4171,PP_4895,1.64e-133
b4172,PP_4894,3.18e-41
b4173,PP_4893,8.799999999999999e-174
b4174,PP_4892,2.35e-92
b4175,PP_4891,2.66e-63
b4177,PP_4889,0.0
b4179,PP_4880,0.0
b4180,PP_4879,1.65e-96
b4187,PP_4780,1.41e-138
b4200,PP_4877,8.63e-50
b4202,PP_4876,7.890000000000001e-31
b4203,PP_4874,2.24e-53
b4207,PP_0684,4.98e-63
b4208,PP_4840,0.0
b4214,PP_0261,1.2499999999999998e-69
b4218,PP_5322,7.79e-24
b4219,PP_0336,9.65e-78
b4220,PP_2892,1.6199999999999998e-101
b4221,PP_2893,9.010000000000001e-110
b4224,PP_0770,4e-16
b4225,PP_0771,1.43e-37
b4226,PP_0538,2.29e-84
b4232,PP_5040,5.08e-88
b4233,PP_0547,0.0
b4234,PP_0941,1.74e-35
b4235,PP_0942,5.35e-152
b4239,PP_4059,1.62e-65
b4242,PP_2645,0.0
b4245,PP_4998,3.4699999999999996e-42
b4249,PP_1852,5.9400000000000005e-77
b4258,PP_0977,0.0
b4259,PP_0979,5.790000000000001e-21
b4260,PP_0980,0.0
b4261,PP_0982,3.5e-60
b4262,PP_0983,2.0300000000000002e-80
b4263,PP_1372,6.35e-148
b4268,PP_3416,1.13e-38
b4280,PP_2602,1e-14
b4287,PP_4687,3.73e-51
b4291,PP_4613,0.0
b4292,PP_0703,6.06e-56
b4293,PP_3577,2.93e-57
b4315,PP_1891,9.74e-17
b4317,PP_1889,3.92e-143
b4324,PP_3603,8.569999999999999e-23
b4327,PP_5337,1.17e-59
b4332,PP_4526,2.74e-25
b4333,PP_5151,7.47e-47
b4340,PP_5275,0.0
b4349,PP_4741,2.35e-43
b4350,PP_4740,2.6e-43
b4352,PP_4639,2.26e-109
b4354,PP_4641,0.0
b4355,PP_5021,1.09e-46
b4356,PP_2837,7.65e-107
b4359,PP_2852,2.57e-13
b4361,PP_1552,1.0400000000000001e-29
b4371,PP_0761,1.2e-58
b4373,PP_0697,6.43e-28
b4375,PP_0872,0.0
b4378,PP_0791,6.26e-54
b4388,PP_4909,1.24e-64
b4389,PP_4644,0.0
b4391,PP_0674,0.0
b4392,PP_2130,2.68e-86
b4396,PP_4605,3.84e-16
b4397,PP_0692,5.549999999999999e-68
b4401,PP_3730,1.41e-62
b4461,PP_1459,1.32e-71
b4467,PP_3747,0.0
b4468,PP_3746,5.99e-163
b4469,PP_4872,0.0
b4471,PP_0987,6.57e-164
b4472,PP_0938,7.03e-44
b4473,PP_0069,7.78e-78
b4480,PP_2350,5.72e-23
b4483,PP_2311,6.07e-84
b4502,PP_4195,1.3e-25
b4512,PP_4640,3.09e-33
b4518,PP_3269,3.44e-19
b4539,PP_2939,8.839999999999999e-30
b4546,PP_0796,1.98e-16
b4557,PP_0007,3.46e-22
